Date,Home Team,Home Score,Away Team,Away Score
2025-11-20,Jefferson City,82,Camdenton,67
2025-11-20,Bloomfield with Richland (Essex),53,Charleston,60
2025-11-20,Oak Ridge,49,Greenville,57
2025-11-20,Ladue Horton Watkins,40,John Burroughs,70
2025-11-20,Higbee,56,La Plata,62
2025-11-20,Northeast (Kansas City),6,Notre Dame de Sion,58
2025-11-20,Kingsville,37,Otterville,63
2025-11-20,Believe Acad Charter,6,Riverview Gardens,63
2025-11-20,Vienna,49,Russellville,56
2025-11-20,Harrisonville,42,Smith-Cotton,66
2025-11-20,Lone Jack,43,Van Horn,39
2025-11-20,Ft. Zumwalt North,56,Villa Duchesne,19
2025-11-20,Pembroke Hill,54,Winnetonka,37
2025-11-21,Springfield Catholic,34,Aurora,40
2025-11-21,Galena,42,Billings with Hurley,56
2025-11-21,Christian Fellowship Sr.,48,Bunceton,39
2025-11-21,Plato,38,Cabool,33
2025-11-21,KIPP KC Legacy,15,Center,75
2025-11-21,Orchard Farm,36,Clayton,57
2025-11-21,Puxico,57,Clearwater,54
2025-11-21,Bolivar,67,Clinton,17
2025-11-21,Palmyra,15,Clopton,85
2025-11-21,Green Ridge,45,Crest Ridge,55
2025-11-21,Van Buren,29,Dora,48
2025-11-21,North Point,52,Duchesne,35
2025-11-21,Woodland,33,Fredericktown,44
2025-11-21,Holt,58,Ft. Zumwalt East,22
2025-11-21,Lathrop,50,Gallatin,23
2025-11-21,Meadville,33,Glasgow,42
2025-11-21,Polo,38,Hardin-Central,44
2025-11-21,Washington,42,Hermann,49
2025-11-21,Miller,67,Hollister,28
2025-11-21,School of the Ozarks,44,Humansville,37
2025-11-21,Wheatland,48,Hume,40
2025-11-21,Blair Oaks,69,Iberia,64
2025-11-21,Versailles,42,Jamestown,51
2025-11-21,Gainesville,76,Koshkonong,50
2025-11-21,Chilhowee,29,La Monte,31
2025-11-21,St. Elizabeth,61,Linn,38
2025-11-21,Warsaw,61,Macks Creek,16
2025-11-21,Paris with Faith Walk,58,Marion County,45
2025-11-21,Sherwood,23,Midway,51
2025-11-21,Lincoln College Prep,64,Miller Career Academy with Sumner,30
2025-11-21,Monroe City,45,Montgomery County,42
2025-11-21,Lakeland,35,Montrose with Ballard,42
2025-11-21,Sarcoxie,50,New Covenant Academy,20
2025-11-21,Guadalupe Centers Charter,18,Northland Christian,70
2025-11-21,Orrick,48,Northwestern (Mendon) with Keytesville,21
2025-11-21,Slater with Malta Bend,44,Prairie Home,56
2025-11-21,Oakville,62,Rockwood Summit,28
2025-11-21,Helias Catholic,38,Rolla,52
2025-11-21,Leeton,11,Sacred Heart,46
2025-11-21,Northwest (Hughesville),43,Santa Fe,17
2025-11-21,Dadeville,54,Sheldon,19
2025-11-21,Fulton,35,Southern Boone,49
2025-11-21,Capital City,43,St. James,35
2025-11-21,University Academy Charter,14,St. Teresa's Academy,44
2025-11-21,Harrisburg,74,Sturgeon,25
2025-11-21,Marshall,47,Sweet Springs,25
2025-11-21,Blue Springs,54,Truman,31
2025-11-21,Climax Springs,49,Tuscumbia,56
2025-11-21,Lutheran South,70,Valle Catholic with St. Paul Lutheran (Farmington),32
2025-11-21,Crystal City,49,Valley Park,42
2025-11-21,Elsberry,20,Veritas Christian Academy,31
2025-11-21,Tipton,68,West Plains,60
2025-11-21,Brookfield,20,Westran,57
2025-11-22,Saxony Lutheran,41,Arcadia Valley,66
2025-11-22,Potosi,70,Central (Cape Girardeau),41
2025-11-22,Lutheran South,61,Central (Park Hills),46
2025-11-22,Springfield Catholic,39,Chadwick,49
2025-11-22,Jasper,46,Diamond,52
2025-11-22,Wheaton,49,Everton,60
2025-11-22,Seckman,24,Farmington,65
2025-11-22,Pacific,30,Greenville,39
2025-11-22,New Franklin,53,Hallsville,18
2025-11-22,Hillsboro,31,Jackson,62
2025-11-22,Miller Career Academy with Sumner,47,Jennings,19
2025-11-22,Higbee,67,Lexington,49
2025-11-22,STEAM Academy,48,Lincoln College Prep,46
2025-11-22,Smith-Cotton,58,Mexico,33
2025-11-22,Woodland,36,Neelyville,60
2025-11-22,Van-Far,44,North Callaway,31
2025-11-22,Herculaneum,28,North County,67
2025-11-22,Russellville,67,Owensville,26
2025-11-22,St. Vincent,34,Principia,68
2025-11-22,Verona,48,Purdy,38
2025-11-22,Cuba,38,Richland,30
2025-11-22,Christian Fellowship Sr.,30,Southern Boone,58
2025-11-22,Crocker,51,Union,16
2025-11-22,Gateway Science Charter,41,Vashon,13
2025-11-22,Valle Catholic with St. Paul Lutheran (Farmington),49,West County,58
2025-11-22,Troy Buchanan,69,Willard,50
2025-11-23,Vashon,8,Jennings,61
2025-11-23,Gateway Science Charter,22,Miller Career Academy with Sumner,54
2025-11-24,Liberty (Mountain View),40,Alton,58
2025-11-24,Crane,25,Ash Grove,50
2025-11-24,Moberly,31,Battle,55
2025-11-24,Harrisonville,38,Belton,30
2025-11-24,Bayless,42,Bishop DuBourg,48
2025-11-24,Lee's Summit West,70,Blue Springs,37
2025-11-24,Hannibal,56,Bowling Green,28
2025-11-24,Glasgow,49,Brunswick,33
2025-11-24,Centralia,50,California,36
2025-11-24,New Bloomfield,7,Calvary Lutheran,57
2025-11-24,Winnetonka,50,Central (St. Joseph),54
2025-11-24,Wheatland,41,Climax Springs,23
2025-11-24,Cabool,33,Conway,30
2025-11-24,Plato,20,Couch,66
2025-11-24,Fair Play,31,Dadeville,48
2025-11-24,Exeter,20,East Newton,52
2025-11-24,Lafayette County,42,Excelsior Springs,56
2025-11-24,Vienna,49,Fatima,62
2025-11-24,Oakville,55,Festus,75
2025-11-24,Ava,30,Fordland,38
2025-11-24,Lee's Summit,59,Fort Osage,34
2025-11-24,Ruskin,12,Grandview,86
2025-11-24,Linn County,29,Grundy County with Newtown-Harris,69
2025-11-24,Pleasant Hope,29,Halfway,54
2025-11-24,Warrenton,43,Hallsville,28
2025-11-24,Ursuline Academy,67,Hazelwood West,49
2025-11-24,Windsor (Imperial),58,Herculaneum,25
2025-11-24,Father Tolton,48,Hermann,41
2025-11-24,Mt. Vernon,29,Hillcrest,71
2025-11-24,Blue Eye,43,Hollister,50
2025-11-24,Rosati-Kain,33,Jennings,54
2025-11-24,Liberty,57,Kearney,22
2025-11-24,Butler,21,Lafayette (St. Joseph),43
2025-11-24,Lexington,63,Lathrop,61
2025-11-24,Webb City,83,Lebanon,47
2025-11-24,La Monte,39,Leeton,16
2025-11-24,Park Hill South,57,Liberty North,51
2025-11-24,Orrick,28,Lutheran (Kansas City),41
2025-11-24,Bevier,51,Madison,45
2025-11-24,Bucklin with Macon County,17,Marceline,48
2025-11-24,Smith-Cotton,44,Marshall,31
2025-11-24,Affton,4,Mehlville,62
2025-11-24,Plattsburg,54,Mound City,44
2025-11-24,Linn,60,New Haven,23
2025-11-24,Hickman,63,Nixa,54
2025-11-24,Staley,72,North Kansas City,52
2025-11-24,Glendale,48,Norwood,44
2025-11-24,Valle Catholic with St. Paul Lutheran (Farmington),37,Oak Ridge,63
2025-11-24,Visitation Academy,23,Orchard Farm,54
2025-11-24,Iberia,67,Osage,59
2025-11-24,Atlanta,31,Paris with Faith Walk,51
2025-11-24,Smithville,31,Park Hill,44
2025-11-24,Sweet Springs,36,Pilot Grove,33
2025-11-24,Delta,51,Portageville,69
2025-11-24,Oak Park,86,Raytown,37
2025-11-24,Raymore-Peculiar,55,Raytown South,30
2025-11-24,Monett,59,Sarcoxie,49
2025-11-24,Central (Cape Girardeau),49,Saxony Lutheran,46
2025-11-24,Neosho,57,Seneca,63
2025-11-24,Farmington,61,Sikeston,28
2025-11-24,Northwestern (Mendon) with Keytesville,33,Slater with Malta Bend,51
2025-11-24,Chamois,13,South Callaway,70
2025-11-24,Crocker,44,Southern Boone,37
2025-11-24,Braymer,49,Southwest (Livingston County) with Breckenridge,15
2025-11-24,Galena,19,Sparta,78
2025-11-24,Reeds Spring,60,Spokane,33
2025-11-24,New Covenant Academy,40,Stockton,60
2025-11-24,Macks Creek,38,Stoutland,67
2025-11-24,Osceola,59,Stover,49
2025-11-24,Versailles,44,Tuscumbia,55
2025-11-24,St. Francis Borgia,53,Union,13
2025-11-25,Northeast Nodaway,23,Albany,60
2025-11-25,Fredericktown,28,Arcadia Valley,47
2025-11-25,Purdy,39,Aurora,55
2025-11-25,Tuscumbia,29,Belle,71
2025-11-25,Pleasant Hope,32,Bolivar,70
2025-11-25,North Platte,58,Braymer,19
2025-11-25,McCluer North,19,Brentwood,51
2025-11-25,Niangua,37,Cabool,44
2025-11-25,Eugene,55,Calvary Lutheran,39
2025-11-25,Knox County,34,Canton,38
2025-11-25,Hale with Bosworth,6,Carrollton,73
2025-11-25,Carl Junction,45,Carthage,32
2025-11-25,Branson,68,Cassville,45
2025-11-25,Owensville,56,Chamois,12
2025-11-25,Hardin-Central,48,Chilhowee,42
2025-11-25,Sacred Heart,37,Christian Fellowship Sr.,29
2025-11-25,Scotland County,55,Clark County,27
2025-11-25,Marshfield,69,Clever,30
2025-11-25,Holden,24,Concordia,44
2025-11-25,Adrian,62,Crest Ridge,38
2025-11-25,Stockton,41,Dadeville,36
2025-11-25,Grandview (Hillsboro),14,DeSoto,66
2025-11-25,Everton,36,Diamond,45
2025-11-25,Trenton,19,East Buchanan,44
2025-11-25,Capital City,61,Eldon,72
2025-11-25,New Covenant Academy,45,Fair Play,48
2025-11-25,Jamestown,35,Fatima,32
2025-11-25,Nerinx Hall,28,Francis Howell Central,62
2025-11-25,Ft. Zumwalt East,23,Francis Howell North,62
2025-11-25,Princeton,32,Gilman City with North Daviess,51
2025-11-25,Greenwood,48,Halfway,28
2025-11-25,Gateway Science Charter,37,Hancock,6
2025-11-25,Hazelwood East,13,Hazelwood Central,65
2025-11-25,North Point,33,Holt,25
2025-11-25,Wheaton,41,Jasper,60
2025-11-25,Highland,43,Kirksville,32
2025-11-25,Cor Jesu Academy,75,Ladue Horton Watkins,44
2025-11-25,McAuley Catholic,36,Liberal,49
2025-11-25,Timberland,39,Liberty (Wentzville),46
2025-11-25,Salem,31,Licking,61
2025-11-25,Drexel,43,Lone Jack,60
2025-11-25,Brookfield,52,Macon,65
2025-11-25,North Shelby,42,Marion County,40
2025-11-25,Central (Springfield),14,Marionville,67
2025-11-25,Lindbergh,33,Marquette,65
2025-11-25,Fayette,57,Marshall,51
2025-11-25,Worth County,38,Mercer,30
2025-11-25,St. Vincent,52,MICDS,60
2025-11-25,Ewing Marion Kauffman,20,Mid-Buchanan,56
2025-11-25,Monroe City,61,Moberly,53
2025-11-25,Hermitage,32,Montrose with Ballard,44
2025-11-25,Gainesville,58,Mountain Grove,75
2025-11-25,Puxico,26,Naylor,33
2025-11-25,Lebanon,34,Nevada,65
2025-11-25,Cuba,55,Newburg,37
2025-11-25,North Harrison,38,North Nodaway,8
2025-11-25,Slater with Malta Bend,17,Northwest (Hughesville),69
2025-11-25,Milan,55,Novinger,19
2025-11-25,Lafayette County,28,Oak Grove,52
2025-11-25,Mark Twain,37,Paris with Faith Walk,50
2025-11-25,Parkway South,55,Parkway Central,44
2025-11-25,Parkway West,35,Parkway North,53
2025-11-25,Gallatin,52,Pattonsburg,24
2025-11-25,Orrick,25,Polo,40
2025-11-25,Jefferson City,68,Rolla,81
2025-11-25,Blair Oaks,37,Russellville,38
2025-11-25,New Franklin,37,Salisbury,28
2025-11-25,La Monte,29,Santa Fe,49
2025-11-25,Platte County,37,Savannah,58
2025-11-25,Palmyra,44,Schuyler County,57
2025-11-25,Lafayette (Wildwood),51,Seckman,46
2025-11-25,Lakeland,44,Sherwood,45
2025-11-25,Prairie Home,61,Smithton,28
2025-11-25,South Nodaway with Jefferson (Conception),45,South Harrison,48
2025-11-25,Westran,40,South Shelby,53
2025-11-25,Higbee,78,Southwest (Livingston County) with Breckenridge,12
2025-11-25,Verona,38,Southwest (Washburn),59
2025-11-25,St. Charles West,57,St. Charles,28
2025-11-25,Sullivan,33,St. Dominic,71
2025-11-25,DeKalb,31,St. Joseph Christian,53
2025-11-25,Mound City,46,Stanberry,40
2025-11-25,Dixon,57,Steelville,45
2025-11-25,Madison,47,Sturgeon,73
2025-11-25,Warsaw,60,Sweet Springs,63
2025-11-25,Sarcoxie,64,Thomas Jefferson Independent Day,33
2025-11-25,Silex,35,Van-Far,43
2025-11-25,Greenfield with Golden City,42,Walnut Grove,49
2025-11-25,Pacific,28,Washington,36
2025-11-25,Community,40,Wellsville-Middletown,28
2025-11-25,King City,22,West Nodaway with Nodaway-Holt,40
2025-11-25,Cameron,25,West Platte,45
2025-11-25,Chillicothe,58,Winnetonka,26
2025-11-25,Maysville,44,Winston,35
2025-11-26,Fair Play,35,Bolivar,62
2025-11-26,Halfway,32,Dadeville,40
2025-11-26,Southwest (Washburn),47,Diamond,56
2025-11-26,Verona,63,Everton,70
2025-11-26,New Covenant Academy,50,Pleasant Hope,33
2025-11-26,Wheaton,46,Purdy,42
2025-11-26,Greenwood,43,Stockton,38
2025-11-26,Metro,36,Visitation Academy,56
2025-11-28,Van Buren,52,Greenville,46
2025-11-28,St. Joseph's Academy,36,Lutheran St. Charles,68
2025-11-28,Rock Bridge,65,University City,32
2025-11-29,Charleston,48,Central (New Madrid County),58
2025-11-29,Licking,41,Dixon,44
2025-11-29,Rock Bridge,61,Lutheran St. Charles,67
2025-11-29,Plato,22,Newburg,54
2025-11-29,Rock Bridge,50,St. Joseph's Academy,63
2025-11-30,Jefferson City,44,Cardinal Ritter,76
2025-12-01,Chadwick,56,Ava,25
2025-12-01,Sparta,43,Blue Eye,42
2025-12-01,Grundy County with Newtown-Harris,45,Brashear,29
2025-12-01,South Pemiscot,30,Campbell,37
2025-12-01,Neosho,16,Carl Junction,61
2025-12-01,Hollister,30,Cassville,66
2025-12-01,Liberty (Mountain View),38,Chaffee,58
2025-12-01,West Platte,25,Chillicothe,68
2025-12-01,Marquette,89,Clayton,52
2025-12-01,Ellington,44,Clearwater,52
2025-12-01,Pembroke Hill,67,Clinton,22
2025-12-01,Exeter,40,Crane,63
2025-12-01,Oak Ridge,34,Delta,81
2025-12-01,Notre Dame (Cape Girardeau),49,Dexter,39
2025-12-01,Conway,13,Dora,28
2025-12-01,Charleston,60,East Prairie,17
2025-12-01,Linn,49,Eugene,41
2025-12-01,New Haven,28,Fatima,60
2025-12-01,Hancock,6,Fox,64
2025-12-01,Lafayette (Wildwood),31,Ft. Zumwalt West,38
2025-12-01,Winston,41,Gilman City with North Daviess,55
2025-12-01,Van Buren,52,Greenville,44
2025-12-01,Meadville,82,Hale with Bosworth,19
2025-12-01,School of the Ozarks,33,Hartville,66
2025-12-01,East Carter,58,Holcomb,43
2025-12-01,Laquey,46,Iberia,58
2025-12-01,Portageville,69,Kelly,25
2025-12-01,Weaubleau,45,Knob Noster,72
2025-12-01,Twin Rivers,77,Koshkonong,39
2025-12-01,Madison,28,La Plata,77
2025-12-01,McAuley Catholic,26,Lamar,53
2025-12-01,North Kansas City,32,Lee's Summit,58
2025-12-01,Seneca,29,Lockwood,58
2025-12-01,Mt. Vernon,21,Logan-Rogersville,79
2025-12-01,Waynesville,27,Marshfield,71
2025-12-01,Tarkio with Fairfax,17,Mid-Buchanan,60
2025-12-01,Mountain Grove,40,Miller,74
2025-12-01,Gateway Science Charter,24,Oakville,76
2025-12-01,St. Joseph's Academy,65,Orchard Farm,46
2025-12-01,Truman,31,Park Hill South,60
2025-12-01,Willow Springs,65,Puxico,38
2025-12-01,Stoutland,49,Richland,47
2025-12-01,New Heights Christian,39,Sarcoxie,60
2025-12-01,Northeast (Cairo),76,Slater with Malta Bend,26
2025-12-01,Windsor,29,Warsaw,63
2025-12-01,Central (Springfield),10,West Plains,82
2025-12-02,Barstow,46,Adrian,50
2025-12-02,Spokane,40,Aurora,47
2025-12-02,Raymore-Peculiar,63,Belton,27
2025-12-02,Osceola,35,Bolivar,58
2025-12-02,North Harrison,47,Braymer,21
2025-12-02,Sheldon,31,Bronaugh,25
2025-12-02,Northwestern (Mendon) with Keytesville,5,Bucklin with Macon County,43
2025-12-02,El Dorado Springs,48,Buffalo,42
2025-12-02,Leeton,8,Butler,63
2025-12-02,Gainesville,64,Cabool,41
2025-12-02,Eldon,59,Camdenton,58
2025-12-02,East Buchanan,45,Cameron,55
2025-12-02,South Pemiscot,30,Campbell,37
2025-12-02,Nevada,42,Carl Junction,39
2025-12-02,William Chrisman,66,Center,53
2025-12-02,Saxony Lutheran,50,Central (New Madrid County),52
2025-12-02,Grain Valley,60,Central (St. Joseph),25
2025-12-02,California,55,Chamois,10
2025-12-02,West Platte,25,Chillicothe,68
2025-12-02,Skyline,65,Clever,51
2025-12-02,Lincoln,27,Cole Camp,44
2025-12-02,Otterville,49,Columbia Independent,16
2025-12-02,Marion County,32,Community,40
2025-12-02,Northeast Nodaway,17,DeKalb,57
2025-12-02,Ladue Horton Watkins,69,Duchesne,47
2025-12-02,Naylor,52,East Carter,39
2025-12-02,Diamond,19,East Newton,50
2025-12-02,Winfield,50,Elsberry,38
2025-12-02,Linn,49,Eugene,41
2025-12-02,Fair Play,65,Everton,69
2025-12-02,Branson,71,Fair Grove,39
2025-12-02,Harrisburg,50,Fayette,37
2025-12-02,Northwest (Cedar Hill),27,Festus,69
2025-12-02,Houston,55,Fordland,49
2025-12-02,Reeds Spring,45,Forsyth,15
2025-12-02,Francis Howell North,55,Ft. Zumwalt North,62
2025-12-02,Francis Howell Central,35,Ft. Zumwalt South,49
2025-12-02,Norwood,54,Galena,19
2025-12-02,Winston,41,Gilman City with North Daviess,55
2025-12-02,Marceline,51,Glasgow,40
2025-12-02,Marionville,44,Glendale,46
2025-12-02,Billings with Hurley,36,Greenfield with Golden City,54
2025-12-02,Puxico,49,Greenville,57
2025-12-02,Meadville,82,Hale with Bosworth,19
2025-12-02,South Callaway,55,Hallsville,59
2025-12-02,Ft. Zumwalt East,15,Hannibal,51
2025-12-02,Lakeland,62,Hermitage,28
2025-12-02,St. Dominic,36,Hickman,48
2025-12-02,Scott County Central,44,Holcomb,43
2025-12-02,Liberty (Wentzville),39,Holt,43
2025-12-02,Miami (Amoret),23,Hume,72
2025-12-02,Laquey,46,Iberia,58
2025-12-02,Lutheran St. Charles,37,Incarnate Word Academy,69
2025-12-02,Ozark,41,Jefferson City,48
2025-12-02,Willard,43,Kickapoo,82
2025-12-02,Princeton,42,King City,37
2025-12-02,West County,69,Kingston,11
2025-12-02,Ellington,75,Koshkonong,55
2025-12-02,Ruskin,6,Lafayette (St. Joseph),67
2025-12-02,North Kansas City,32,Lee's Summit,58
2025-12-02,Blue Springs South,39,Lee's Summit North,26
2025-12-02,St. Elizabeth,73,Macks Creek,15
2025-12-02,Campbell,39,Malden,68
2025-12-02,Bakersfield,55,Mansfield,25
2025-12-02,Walnut Grove,67,Marion C. Early,38
2025-12-02,Tarkio with Fairfax,17,Mid-Buchanan,60
2025-12-02,Lutheran (Kansas City),22,Midway,55
2025-12-02,Mercer,55,Milan,34
2025-12-02,Macon,39,Moberly,23
2025-12-02,Pierce City,68,Monett,56
2025-12-02,Parkview,32,New Covenant Academy,48
2025-12-02,Stanberry,59,North Andrew,28
2025-12-02,Centralia,67,North Callaway,12
2025-12-02,St. Joseph Christian,48,North Nodaway,29
2025-12-02,Lone Jack,43,North Platte,47
2025-12-02,Cor Jesu Academy,71,Notre Dame (St. Louis),23
2025-12-02,Belle,43,Osage,69
2025-12-02,Faith Christian Academy,42,Osborn with Stewartsville,24
2025-12-02,Mark Twain,63,Palmyra,54
2025-12-02,Platte County,27,Park Hill,49
2025-12-02,Truman,31,Park Hill South,60
2025-12-02,Parkway West,38,Parkway Central,55
2025-12-02,Parkway North,50,Parkway South,57
2025-12-02,Ste. Genevieve,13,Potosi,50
2025-12-02,Scotland County,76,Putnam County,29
2025-12-02,South Holt,19,Rock Port,64
2025-12-02,Vienna,54,Russellville,68
2025-12-02,South Harrison,38,Savannah,58
2025-12-02,Canton,57,Schuyler County,35
2025-12-02,Kennett,69,Sikeston,35
2025-12-02,Northeast (Cairo),76,Slater with Malta Bend,26
2025-12-02,Worth County,53,South Nodaway with Jefferson (Conception),31
2025-12-02,Blair Oaks,50,Southern Boone,48
2025-12-02,Pacific,34,Sullivan,55
2025-12-02,Liberal,43,Thomas Jefferson Independent Day,35
2025-12-02,North Point,52,Timberland,27
2025-12-02,Clearwater,44,Twin Rivers,65
2025-12-02,West Nodaway with Nodaway-Holt,64,Union Star,28
2025-12-02,Willow Springs,58,Van Buren,34
2025-12-02,Boonville,72,Versailles,52
2025-12-02,Silex,38,Warrenton,28
2025-12-02,Windsor,29,Warsaw,63
2025-12-02,Union,22,Washington,42
2025-12-02,New Franklin,49,Westran,31
2025-12-02,Tuscumbia,41,Wheatland,57
2025-12-02,Purdy,42,Wheaton,44
2025-12-03,El Dorado Springs,51,Adrian,42
2025-12-03,Lindbergh,54,Affton,4
2025-12-03,Pattonsburg,13,Albany,54
2025-12-03,Couch,52,Alton,58
2025-12-03,Stockton,45,Ash Grove,57
2025-12-03,Novinger,42,Atlanta,48
2025-12-03,Waynesville,49,Ava,42
2025-12-03,Crystal City,48,Bayless,44
2025-12-03,Eugene,45,Belle,32
2025-12-03,Raymore-Peculiar,63,Belton,27
2025-12-03,Villa Duchesne,46,Bishop DuBourg,26
2025-12-03,Valley,9,Bismarck,71
2025-12-03,South Iron,54,Bourbon,25
2025-12-03,Clopton,82,Bowling Green,6
2025-12-03,Grundy County with Newtown-Harris,45,Brashear,29
2025-12-03,Knox County,53,Brookfield,35
2025-12-03,Linn County,27,Brunswick,60
2025-12-03,Northwestern (Mendon) with Keytesville,5,Bucklin with Macon County,43
2025-12-03,Barstow,48,Buffalo,36
2025-12-03,Warsaw,20,Butler,53
2025-12-03,Father Tolton,64,Capital City,41
2025-12-03,Mountain Grove,51,Central (Springfield),19
2025-12-03,Platte County,37,Central (St. Joseph),13
2025-12-03,Liberty (Mountain View),38,Chaffee,58
2025-12-03,Sheldon,41,Chilhowee,34
2025-12-03,Maryville,31,Chillicothe,51
2025-12-03,North Shelby,42,Clark County,25
2025-12-03,Marquette,89,Clayton,52
2025-12-03,Marion County,32,Community,40
2025-12-03,Jennings,59,Confluence Prep Academy Charter with Grand Center Arts Charter,34
2025-12-03,Newburg,35,Crocker,71
2025-12-03,Faith Christian Academy,31,DeKalb,39
2025-12-03,Jefferson (Festus),70,DeSoto,66
2025-12-03,Saxony Lutheran,53,Dexter,48
2025-12-03,Wright City,19,Duchesne,58
2025-12-03,Hannibal,26,Elsberry,29
2025-12-03,Troy Buchanan,61,Eureka,53
2025-12-03,Hazelwood West,58,Farmington,64
2025-12-03,New Haven,28,Fatima,60
2025-12-03,Hancock,6,Fox,64
2025-12-03,Lafayette (Wildwood),31,Ft. Zumwalt West,38
2025-12-03,Mexico,61,Fulton,25
2025-12-03,Maysville,39,Gallatin,29
2025-12-03,Fort Osage,48,Grandview,52
2025-12-03,Prairie Home,53,Green Ridge,56
2025-12-03,DeLaSalle Charter (KC),14,Guadalupe Centers Charter,33
2025-12-03,Hogan Prep Academy Charter,12,Harrisonville,78
2025-12-03,Senath-Hornersville,43,Hayti,51
2025-12-03,Battle,52,Hazelwood Central,54
2025-12-03,Montgomery County,43,Hermann,46
2025-12-03,Veritas Christian Academy,46,Holt,40
2025-12-03,Pleasant Hope,42,Humansville,20
2025-12-03,Central (New Madrid County),7,Jackson,69
2025-12-03,Verona,37,Jasper,59
2025-12-03,Portageville,69,Kelly,25
2025-12-03,Strafford,52,Kickapoo,55
2025-12-03,West County,69,Kingston,11
2025-12-03,Cor Jesu Academy,56,Kirkwood,29
2025-12-03,Cole Camp,34,Knob Noster,52
2025-12-03,Weaubleau,45,Knob Noster,72
2025-12-03,Madison,28,La Plata,77
2025-12-03,Windsor,34,Leeton,24
2025-12-03,Valle Catholic with St. Paul Lutheran (Farmington),55,Lesterville,28
2025-12-03,Weaubleau,42,Lincoln,39
2025-12-03,Savannah,50,Lincoln College Prep,47
2025-12-03,Vienna,63,Macks Creek,16
2025-12-03,Campbell,39,Malden,68
2025-12-03,McCluer North,26,Maplewood-Richmond Hts.,23
2025-12-03,St. Joseph's Academy,67,Marquette,69
2025-12-03,Warrensburg,65,Marshall,45
2025-12-03,Chadwick,39,Marshfield,56
2025-12-03,Windsor (Imperial),35,Mehlville,55
2025-12-03,Oakville,56,Mehlville,29
2025-12-03,STEAM Academy,46,MICDS,76
2025-12-03,Bishop LeBlond,37,Mid-Buchanan,57
2025-12-03,Normandy Collaborative,31,Miller Career Academy with Sumner,63
2025-12-03,Northeast Vernon County with Rich Hill,34,Montrose with Ballard,44
2025-12-03,Rock Port,59,Mound City,45
2025-12-03,Perryville,58,Neelyville,63
2025-12-03,Tuscumbia,63,New Bloomfield,29
2025-12-03,Stanberry,59,North Andrew,28
2025-12-03,Truman,30,North Kansas City,60
2025-12-03,Union Star,32,North Nodaway,28
2025-12-03,Osborn with Stewartsville,33,Northeast Nodaway,20
2025-12-03,St. Francis Borgia,60,Notre Dame (St. Louis),9
2025-12-03,Winnetonka,28,Oak Park,69
2025-12-03,Pleasant Hill,82,Paseo Academy,5
2025-12-03,Jamestown,53,Pilot Grove,22
2025-12-03,Laquey,62,Plato,30
2025-12-03,Central (Cape Girardeau),38,Poplar Bluff,40
2025-12-03,Schuyler County,70,Putnam County,41
2025-12-03,Odessa,55,Raytown South,43
2025-12-03,Stoutland,49,Richland,47
2025-12-03,Ft. Zumwalt North,36,St. Charles West,49
2025-12-03,Ursuline Academy,53,St. James,24
2025-12-03,Notre Dame de Sion,24,St. Teresa's Academy,37
2025-12-03,Worth County,42,Stanberry,37
2025-12-03,North County,68,Steelville,45
2025-12-03,Pembroke Hill,48,Stover,33
2025-12-03,Pacific,34,Sullivan,55
2025-12-03,Polo,38,Trenton,37
2025-12-03,St. Paul Lutheran (Concordia),28,University Academy Charter,41
2025-12-03,John Burroughs,55,University City,59
2025-12-03,Ewing Marion Kauffman,24,Van Horn,42
2025-12-03,Herculaneum,16,Webster Groves,69
2025-12-03,St. Joseph Christian,26,West Nodaway with Nodaway-Holt,31
2025-12-03,Miller,39,West Plains,71
2025-12-03,New Franklin,49,Westran,31
2025-12-03,KIPP KC Legacy,25,William Chrisman,55
2025-12-03,Ft. Zumwalt East,22,Winfield,48
2025-12-04,Stover,39,Adrian,61
2025-12-04,Hancock,32,Affton,38
2025-12-04,Portageville,46,Alton,40
2025-12-04,Green City,38,Atlanta,26
2025-12-04,Reeds Spring,45,Aurora,26
2025-12-04,Thayer,51,Bakersfield,61
2025-12-04,Winnetonka,44,Belton,45
2025-12-04,Wellsville-Middletown,41,Bevier,21
2025-12-04,Woodland,48,Bloomfield with Richland (Essex),46
2025-12-04,New Haven,30,Bowling Green,21
2025-12-04,Madison,25,Brashear,60
2025-12-04,Chilhowee,50,Bronaugh,39
2025-12-04,Clark County,33,Brookfield,40
2025-12-04,New Bloomfield,34,Bunceton,66
2025-12-04,La Monte,26,Calvary Lutheran,46
2025-12-04,Plattsburg,52,Cameron,44
2025-12-04,Scotland County,37,Canton,49
2025-12-04,Lexington,28,Carrollton,46
2025-12-04,Crane,30,Cassville,54
2025-12-04,KIPP KC Legacy,18,Center,66
2025-12-04,Central (New Madrid County),39,Central (Cape Girardeau),45
2025-12-04,Ewing Marion Kauffman,27,Central (Kansas City),16
2025-12-04,Perryville,37,Central (Park Hills),44
2025-12-04,Southern Boone,20,Centralia,60
2025-12-04,Scott City,50,Charleston,60
2025-12-04,Savannah,45,Chillicothe,50
2025-12-04,Van Buren,55,Clearwater,60
2025-12-04,Mt. Vernon,47,Clever,72
2025-12-04,School of the Ozarks,33,Conway,45
2025-12-04,Holden,32,Crest Ridge,62
2025-12-04,East Prairie,20,Delta,89
2025-12-04,Northwest (Cedar Hill),52,DeSoto,59
2025-12-04,Crocker,47,Dixon,54
2025-12-04,Chaffee,38,Doniphan,71
2025-12-04,Hartville,31,Dora,16
2025-12-04,St. Pius X (Kansas City),56,East Buchanan,38
2025-12-04,St. Dominic,53,Eureka,54
2025-12-04,Marionville,43,Fair Grove,33
2025-12-04,St. Pius X (Festus),42,Father Tolton,51
2025-12-04,Spokane,57,Forsyth,45
2025-12-04,Fordland,43,Forsyth,18
2025-12-04,Lindbergh,49,Fox,36
2025-12-04,Battle,41,Francis Howell Central,68
2025-12-04,Hillsboro,53,Fredericktown,41
2025-12-04,Hazelwood Central,37,Ft. Zumwalt South,42
2025-12-04,Winston,33,Gallatin,30
2025-12-04,Branson,50,Glendale,43
2025-12-04,Oak Ridge,63,Grandview (Hillsboro),11
2025-12-04,Everton,30,Greenfield with Golden City,44
2025-12-04,Ellington,47,Greenville,63
2025-12-04,Linn County,55,Hale with Bosworth,38
2025-12-04,Malden,57,Hayti,53
2025-12-04,Troy Buchanan,52,Hickman,46
2025-12-04,Greenwood,42,Houston,25
2025-12-04,Stoutland,51,Iberia,71
2025-12-04,Poplar Bluff,13,Jackson,75
2025-12-04,Pleasant Hope,28,Jasper,47
2025-12-04,Couch,66,Kelly,57
2025-12-04,Pattonsburg,16,King City,35
2025-12-04,Macon,26,Kirksville,57
2025-12-04,North Shelby,44,Knox County,36
2025-12-04,Puxico,68,Koshkonong,52
2025-12-04,Grandview,34,Lafayette (St. Joseph),56
2025-12-04,Lawson,45,Lafayette County,37
2025-12-04,Park Hill South,41,Lee's Summit,36
2025-12-04,Liberty North,72,Lee's Summit North,23
2025-12-04,Weaubleau,42,Lincoln,39
2025-12-04,South Harrison,49,Lincoln College Prep,61
2025-12-04,Oakville,32,Lindbergh,39
2025-12-04,Skyline,50,Logan-Rogersville,72
2025-12-04,Oak Grove,43,Lone Jack,39
2025-12-04,Van-Far,27,Louisiana,39
2025-12-04,Lee's Summit West,69,Lutheran South,22
2025-12-04,South Pemiscot,43,Malden,29
2025-12-04,Northeast (Cairo),54,Marceline,55
2025-12-04,St. Joseph's Academy,67,Marquette,69
2025-12-04,Oakville,56,Mehlville,29
2025-12-04,Northeast Vernon County with Rich Hill,54,Miami (Amoret),30
2025-12-04,Paris with Faith Walk,61,Monroe City,52
2025-12-04,South Holt,17,Mound City,47
2025-12-04,Ladue Horton Watkins,61,Nerinx Hall,51
2025-12-04,Neosho,26,Nevada,59
2025-12-04,Tri-County,50,Norborne,46
2025-12-04,South Nodaway with Jefferson (Conception),49,North Andrew,28
2025-12-04,Silex,52,North Callaway,37
2025-12-04,Arcadia Valley,42,North County,44
2025-12-04,Northeast Nodaway,13,North Nodaway,24
2025-12-04,Pierce City,26,Norwood,51
2025-12-04,Kennett,60,Notre Dame (Cape Girardeau),27
2025-12-04,Raymore-Peculiar,55,Oak Park,68
2025-12-04,Southwest (Livingston County) with Breckenridge,16,Orrick,46
2025-12-04,Linn,43,Osage,62
2025-12-04,Union Star,35,Osborn with Stewartsville,25
2025-12-04,Stockton,53,Osceola,47
2025-12-04,Ste. Genevieve,18,Pacific,48
2025-12-04,Mark Twain,63,Palmyra,54
2025-12-04,Grain Valley,46,Park Hill,59
2025-12-04,Seckman,70,Pattonville,44
2025-12-04,Hardin-Central,27,Richmond,63
2025-12-04,Fort Osage,62,Ruskin,21
2025-12-04,St. Elizabeth,58,Russellville,55
2025-12-04,Campbell,46,Senath-Hornersville,33
2025-12-04,New Heights Christian,42,Seneca,53
2025-12-04,Lutheran (Kansas City),38,Sherwood,50
2025-12-04,Saxony Lutheran,42,Sikeston,61
2025-12-04,Glasgow,67,Slater with Malta Bend,14
2025-12-04,Willard,63,Smith-Cotton,61
2025-12-04,Parkview,25,Springfield Catholic,39
2025-12-04,Hazelwood West,59,St. Charles,24
2025-12-04,Rock Bridge,59,Strafford,63
2025-12-04,Bishop LeBlond,50,Tarkio with Fairfax,34
2025-12-04,Santa Fe,54,Tina-Avalon,27
2025-12-04,Braymer,29,Trenton,47
2025-12-04,Willow Springs,43,Twin Rivers,41
2025-12-04,Visitation Academy,16,Veritas Christian Academy,46
2025-12-04,Cuba,52,Villa Duchesne,32
2025-12-04,Pilot Grove,30,Wellington-Napoleon,45
2025-12-04,Rosati-Kain,16,Westminster Christian Academy,64
2025-12-04,Riverview Gardens,10,Whitfield,82
2025-12-04,Gateway Science Charter,34,Windsor (Imperial),66
2025-12-05,Stover,39,Adrian,61
2025-12-05,Windsor (Imperial),64,Affton,10
2025-12-05,Princeton,31,Albany,47
2025-12-05,Bolivar,41,Ash Grove,43
2025-12-05,Sparta,41,Aurora,57
2025-12-05,Marshfield,75,Ava,15
2025-12-05,Visitation Academy,42,Bayless,26
2025-12-05,Macks Creek,16,Belle,56
2025-12-05,Fort Osage,32,Belton,37
2025-12-05,Fair Play,47,Billings with Hurley,37
2025-12-05,South Iron,43,Bismarck,60
2025-12-05,Spokane,49,Blue Eye,59
2025-12-05,Warrensburg,36,Boonville,67
2025-12-05,Valley,19,Bourbon,43
2025-12-05,Fulton,53,Bowling Green,38
2025-12-05,Madison,25,Brashear,60
2025-12-05,Meadville,30,Brunswick,42
2025-12-05,Higbee,54,Bucklin with Macon County,42
2025-12-05,Ewing Marion Kauffman,56,Center,63
2025-12-05,KIPP KC Legacy,41,Central (Kansas City),47
2025-12-05,Miller,64,Central (Springfield),27
2025-12-05,Truman,31,Central (St. Joseph),34
2025-12-05,Orchard Farm,41,Clayton,47
2025-12-05,Marionville,54,Clever,48
2025-12-05,Smithton,29,Climax Springs,66
2025-12-05,Barstow,61,Clinton,20
2025-12-05,Warsaw,39,Cole Camp,46
2025-12-05,Gateway with Soldan International Studies,8,Collegiate School of Med-Bio Science,52
2025-12-05,Mark Twain,52,Community,43
2025-12-05,Fordland,51,Conway,26
2025-12-05,Webster Groves,27,Cor Jesu Academy,54
2025-12-05,West Nodaway with Nodaway-Holt,35,DeKalb,34
2025-12-05,Arcadia Valley,51,Delta,53
2025-12-05,Pacific,51,DeSoto,55
2025-12-05,McAuley Catholic,32,Diamond,57
2025-12-05,Houston,22,Dora,53
2025-12-05,Ladue Horton Watkins,69,Duchesne,47
2025-12-05,Lamar,55,East Newton,52
2025-12-05,Pembroke Hill,55,El Dorado Springs,39
2025-12-05,Ft. Zumwalt East,22,Elsberry,46
2025-12-05,Vienna,59,Eugene,54
2025-12-05,Mt. Vernon,53,Fair Grove,50
2025-12-05,Jefferson (Festus),49,Festus,64
2025-12-05,Potosi,46,Festus,58
2025-12-05,School of the Ozarks,52,Forsyth,32
2025-12-05,Mehlville,47,Fox,41
2025-12-05,Ursuline Academy,63,Ft. Zumwalt West,20
2025-12-05,St. Joseph's Academy,64,Ft. Zumwalt West,35
2025-12-05,Maysville,23,Gilman City with North Daviess,46
2025-12-05,Skyline,35,Glendale,27
2025-12-05,Hermitage,26,Green Ridge,67
2025-12-05,La Plata,43,Grundy County with Newtown-Harris,35
2025-12-05,Highland,62,Hallsville,14
2025-12-05,Gateway Science Charter,34,Hancock,20
2025-12-05,Winfield,49,Hannibal,29
2025-12-05,New Franklin,43,Harrisburg,62
2025-12-05,Pleasant Hill,48,Harrisonville,42
2025-12-05,Greenwood,49,Hartville,40
2025-12-05,Fatima,52,Hermann,49
2025-12-05,Walnut Grove,52,Hillcrest,47
2025-12-05,Paseo Academy,32,Hogan Prep Academy Charter,35
2025-12-05,Exeter,36,Hollister,56
2025-12-05,Verona,52,Humansville,43
2025-12-05,Kennett,29,Jackson,66
2025-12-05,North Shelby,47,Jamestown,59
2025-12-05,Rock Bridge,52,Kickapoo,62
2025-12-05,Lesterville,42,Kingston,19
2025-12-05,Wellington-Napoleon,47,Kingsville,30
2025-12-05,Butler,50,Knob Noster,48
2025-12-05,Oak Park,53,Lafayette (St. Joseph),58
2025-12-05,St. James,28,Lafayette (Wildwood),34
2025-12-05,Grain Valley,62,Lee's Summit,59
2025-12-05,Newburg,19,Licking,50
2025-12-05,Oakville,32,Lindbergh,39
2025-12-05,Sarcoxie,34,Lockwood,57
2025-12-05,Branson,48,Logan-Rogersville,58
2025-12-05,Francis Howell,39,Lutheran St. Charles,64
2025-12-05,Cabool,41,Mansfield,46
2025-12-05,Metro,18,Maplewood-Richmond Hts.,39
2025-12-05,Ursuline Academy,57,Marquette,59
2025-12-05,South Harrison,43,Maryville,59
2025-12-05,Valley Park,15,McCluer North,47
2025-12-05,Penney,12,Mercer,42
2025-12-05,Clopton,83,Mexico,45
2025-12-05,St. Teresa's Academy,44,MICDS,46
2025-12-05,Rock Port,37,Mid-Buchanan,42
2025-12-05,Oak Grove,67,Moberly,35
2025-12-05,Galena,27,Monett,65
2025-12-05,New Haven,25,Montgomery County,43
2025-12-05,Hume,52,Montrose with Ballard,35
2025-12-05,Bakersfield,60,Niangua,29
2025-12-05,Santa Fe,50,Norborne,24
2025-12-05,Jennings,55,Normandy Collaborative,33
2025-12-05,Polo,25,North Harrison,32
2025-12-05,Platte County,25,North Kansas City,62
2025-12-05,Milan,33,North Platte,58
2025-12-05,Liberty (Wentzville),25,North Point,52
2025-12-05,Ste. Genevieve,34,Northwest (Cedar Hill),32
2025-12-05,Stockton,53,Osceola,47
2025-12-05,Columbia Independent,11,Paris with Faith Walk,38
2025-12-05,Park Hill South,45,Park Hill,41
2025-12-05,Parkway Central,41,Parkway North,50
2025-12-05,Parkway South,47,Parkway West,28
2025-12-05,Notre Dame (Cape Girardeau),47,Poplar Bluff,50
2025-12-05,Sullivan,40,Potosi,54
2025-12-05,Otterville,44,Prairie Home,53
2025-12-05,Lee's Summit West,58,Principia,55
2025-12-05,Grandview,64,Raymore-Peculiar,58
2025-12-05,Laquey,38,Richland,54
2025-12-05,Winnetonka,62,Ruskin,5
2025-12-05,South Shelby,54,Salisbury,43
2025-12-05,Appleton City,64,Sherwood,28
2025-12-05,Central (Cape Girardeau),54,Sikeston,27
2025-12-05,Strafford,71,Smith-Cotton,23
2025-12-05,Tarkio with Fairfax,61,South Holt,23
2025-12-05,Bevier,43,Southwest (Livingston County) with Breckenridge,22
2025-12-05,Herculaneum,25,St. Clair,72
2025-12-05,Faith Christian Academy,26,St. Joseph Christian,56
2025-12-05,Worth County,42,Stanberry,37
2025-12-05,Northwest (Hughesville),44,Sweet Springs,19
2025-12-05,Hardin-Central,36,Tri-County,43
2025-12-05,Summit Christian Academy,25,University Academy Charter,35
2025-12-05,William Chrisman,55,Van Horn,53
2025-12-05,Chadwick,55,Waynesville,49
2025-12-05,Valle Catholic with St. Paul Lutheran (Farmington),63,West County,77
2025-12-05,Mountain Grove,24,West Plains,74
2025-12-05,Fayette,32,Westran,52
2025-12-05,Weaubleau,54,Windsor,39
2025-12-05,South Callaway,54,Wright City,45
2025-12-06,Worth County,51,Albany,44
2025-12-06,Chaffee,44,Alton,48
2025-12-06,Walnut Grove,44,Ash Grove,40
2025-12-06,Grundy County with Newtown-Harris,52,Atlanta,29
2025-12-06,West County,54,Bismarck,59
2025-12-06,Lesterville,42,Bourbon,30
2025-12-06,New Haven,30,Bowling Green,21
2025-12-06,Novinger,30,Brashear,38
2025-12-06,Northeast Vernon County with Rich Hill,58,Bronaugh,30
2025-12-06,Higbee,64,Brunswick,50
2025-12-06,Meadville,45,Bucklin with Macon County,28
2025-12-06,North Shelby,42,Canton,45
2025-12-06,Norwood,47,Cassville,35
2025-12-06,Lafayette (Wildwood),48,Clayton,36
2025-12-06,Fatima,34,Clopton,63
2025-12-06,Liberty (Mountain View),64,Couch,62
2025-12-06,Pierce City,60,Crane,41
2025-12-06,Stoutland,31,Crocker,58
2025-12-06,Iberia,50,Dixon,47
2025-12-06,Portageville,33,Doniphan,75
2025-12-06,Sarcoxie,31,East Newton,48
2025-12-06,Monroe City,41,Elsberry,24
2025-12-06,Francis Howell Central,38,Eureka,74
2025-12-06,Pleasant Hope,48,Everton,52
2025-12-06,Verona,44,Fair Play,56
2025-12-06,Potosi,47,Festus,59
2025-12-06,Troy Buchanan,54,Ft. Zumwalt South,21
2025-12-06,St. Joseph's Academy,64,Ft. Zumwalt West,35
2025-12-06,Montgomery County,52,Fulton,31
2025-12-06,Exeter,75,Galena,38
2025-12-06,North Harrison,40,Gilman City with North Daviess,58
2025-12-06,La Plata,39,Green City,49
2025-12-06,Jasper,34,Greenfield with Golden City,37
2025-12-06,Marceline,49,Harrisburg,53
2025-12-06,Summit Christian Academy,35,Harrisonville,25
2025-12-06,Hickman,66,Hazelwood Central,38
2025-12-06,Mexico,57,Hermann,75
2025-12-06,Bolivar,35,Hillcrest,52
2025-12-06,St. Paul Lutheran (Concordia),54,Hogan Prep Academy Charter,21
2025-12-06,Monett,56,Hollister,47
2025-12-06,Sheldon,19,Hume,50
2025-12-06,South Nodaway with Jefferson (Conception),35,King City,34
2025-12-06,Valley,25,Kingston,26
2025-12-06,Scotland County,67,Knox County,39
2025-12-06,Oak Park,53,Lafayette (St. Joseph),58
2025-12-06,Lockwood,66,Lamar,52
2025-12-06,Russellville,47,Linn,31
2025-12-06,Northwestern (Mendon) with Keytesville,47,Linn County,50
2025-12-06,Miller Career Academy with Sumner,52,Lutheran North,54
2025-12-06,Stockton,18,Marion C. Early,33
2025-12-06,Ursuline Academy,57,Marquette,59
2025-12-06,Polo,23,Maysville,42
2025-12-06,New Heights Christian,54,McAuley Catholic,40
2025-12-06,Chilhowee,38,Montrose with Ballard,43
2025-12-06,Bishop LeBlond,34,Mound City,49
2025-12-06,Northeast (Cairo),44,New Franklin,52
2025-12-06,St. Elizabeth,45,Osage,32
2025-12-06,University Academy Charter,54,Pleasant Hill,52
2025-12-06,Stanberry,55,Princeton,32
2025-12-06,Clark County,23,Putnam County,29
2025-12-06,Licking,36,Richland,48
2025-12-06,Brookfield,41,Schuyler County,54
2025-12-06,Diamond,48,Seneca,49
2025-12-06,Springfield Catholic,44,Smith-Cotton,50
2025-12-06,Valle Catholic with St. Paul Lutheran (Farmington),46,South Iron,61
2025-12-06,Battle,34,St. Dominic,44
2025-12-06,Orchard Farm,32,St. James,43
2025-12-06,Jefferson (Festus),31,Sullivan,67
2025-12-06,Winston,28,Trenton,36
2025-12-06,Glasgow,44,Westran,40
2025-12-06,Rock Bridge,82,Willard,47
2025-12-08,Willow Springs,64,Bakersfield,47
2025-12-08,Cuba,45,Bayless,21
2025-12-08,Smithville,32,Belton,30
2025-12-08,Windsor (Imperial),39,Bishop DuBourg,29
2025-12-08,Hermann,44,Blair Oaks,54
2025-12-08,Moberly,36,Boonville,76
2025-12-08,Newburg,47,Bourbon,34
2025-12-08,Atlanta,20,Bucklin with Macon County,51
2025-12-08,Jamestown,57,Bunceton,28
2025-12-08,Princeton,70,Cainsville with Ridgeway,19
2025-12-08,Hickman,51,California,55
2025-12-08,Otterville,29,Calvary Lutheran,42
2025-12-08,Greenville,59,Campbell,40
2025-12-08,Reeds Spring,52,Cassville,57
2025-12-08,Liberty North,74,Central (St. Joseph),32
2025-12-08,Hallsville,18,Centralia,74
2025-12-08,Sikeston,25,Chaffee,66
2025-12-08,Naylor,54,Clearwater,62
2025-12-08,Hermitage,33,Clinton,36
2025-12-08,Riverview Gardens,47,Collegiate School of Med-Bio Science,27
2025-12-08,Wellington-Napoleon,43,Concordia,39
2025-12-08,Plato,20,Conway,31
2025-12-08,Orrick,9,Crest Ridge,67
2025-12-08,Lutheran South,84,Crystal City,26
2025-12-08,Pacific,57,DeSoto,47
2025-12-08,Central (New Madrid County),42,Dexter,31
2025-12-08,Vienna,41,Dixon,55
2025-12-08,Fredericktown,24,Doniphan,63
2025-12-08,Lathrop,50,East Buchanan,46
2025-12-08,Liberty (Mountain View),62,East Carter,54
2025-12-08,Kelly,66,East Prairie,13
2025-12-08,Appleton City,27,El Dorado Springs,45
2025-12-08,Woodland,60,Ellington,55
2025-12-08,Richmond,47,Excelsior Springs,38
2025-12-08,Herculaneum,19,Farmington,82
2025-12-08,Holt,67,Fox,36
2025-12-08,Mountain Grove,54,Hartville,41
2025-12-08,Salisbury,44,Higbee,46
2025-12-08,Malden,66,Holcomb,37
2025-12-08,Licking,59,Houston,40
2025-12-08,Wheatland,63,Humansville,17
2025-12-08,Jackson,71,Kennett,43
2025-12-08,Northeast Nodaway,18,King City,37
2025-12-08,Lakeland,59,Kingsville,22
2025-12-08,Van Horn,60,KIPP KC Legacy,28
2025-12-08,Clark County,20,Knox County,40
2025-12-08,Niangua,50,Koshkonong,70
2025-12-08,Tuscumbia,59,La Monte,39
2025-12-08,West Platte,39,Lawson,50
2025-12-08,Capital City,73,Lebanon,67
2025-12-08,Blue Springs South,57,Lee's Summit,52
2025-12-08,Believe Acad Charter,8,Lift for Life Academy Charter,45
2025-12-08,University Academy Charter,30,Lincoln College Prep,61
2025-12-08,Cor Jesu Academy,46,Lindbergh,33
2025-12-08,Iberia,42,Linn,70
2025-12-08,Hume,37,Lockwood,60
2025-12-08,Ava,24,Logan-Rogersville,62
2025-12-08,Sweet Springs,18,Lone Jack,46
2025-12-08,North Callaway,20,Macon,52
2025-12-08,South Shelby,45,Mark Twain,54
2025-12-08,Knob Noster,58,Marshall,48
2025-12-08,Putnam County,12,Mercer,47
2025-12-08,McCluer,36,Metro,44
2025-12-08,Midway,58,Miami (Amoret),24
2025-12-08,Penney,15,Mid-Buchanan,47
2025-12-08,Fair Grove,17,Miller,56
2025-12-08,Hollister,44,Monett,59
2025-12-08,Palmyra,49,Monroe City,55
2025-12-08,Glendale,70,Mt. Vernon,45
2025-12-08,Washington,36,New Haven,27
2025-12-08,Mound City,42,North Andrew,24
2025-12-08,Notre Dame (St. Louis),17,North County,53
2025-12-08,Plattsburg,61,North Platte,62
2025-12-08,Smithton,17,Northwest (Hughesville),68
2025-12-08,Cameron,30,Odessa,63
2025-12-08,St. Clair,42,Owensville,31
2025-12-08,Blue Springs,47,Park Hill,52
2025-12-08,Winston,40,Pattonsburg,48
2025-12-08,Orchard Farm,60,Pattonville,27
2025-12-08,Scott City,59,Perryville,85
2025-12-08,Sacred Heart,41,Pilot Grove,30
2025-12-08,Twin Rivers,38,Portageville,61
2025-12-08,Sturgeon,47,Prairie Home,54
2025-12-08,Westminster Christian Academy,29,Principia,84
2025-12-08,Park Hill South,44,Raymore-Peculiar,32
2025-12-08,Winnetonka,71,Raytown,41
2025-12-08,Osage,67,Richland,38
2025-12-08,Fort Osage,59,Ruskin,16
2025-12-08,Union,29,Salem,50
2025-12-08,St. Paul Lutheran (Concordia),36,Santa Fe,29
2025-12-08,St. Vincent,74,Saxony Lutheran,26
2025-12-08,Central (Cape Girardeau),50,Scott County Central,52
2025-12-08,Ste. Genevieve,30,Seckman,50
2025-12-08,Cole Camp,53,Sherwood,51
2025-12-08,Community,27,Silex,39
2025-12-08,Pierce City,67,Southwest (Washburn),38
2025-12-08,St. James,37,Steelville,24
2025-12-08,Warrenton,38,Sullivan,64
2025-12-08,Slater with Malta Bend,46,Tina-Avalon,32
2025-12-08,St. Charles,45,Veritas Christian Academy,39
2025-12-08,Billings with Hurley,56,Verona,64
2025-12-08,Nixa,61,West Plains,54
2025-12-08,Sheldon,36,Wheaton,50
2025-12-08,Parkway Central,46,Whitfield,77
2025-12-08,Grain Valley,75,William Chrisman,25
2025-12-08,Lutheran (Kansas City),23,Windsor,36
2025-12-08,North Nodaway,33,Worth County,47
2025-12-09,Harrisonville,52,Adrian,56
2025-12-09,Maysville,34,Albany,50
2025-12-09,Gainesville,54,Ava,33
2025-12-09,La Plata,56,Bevier,17
2025-12-09,Gateway with Soldan International Studies,3,Bishop DuBourg,58
2025-12-09,Wright City,36,Bowling Green,43
2025-12-09,Linn County,26,Brashear,71
2025-12-09,Tina-Avalon,32,Braymer,45
2025-12-09,Villa Duchesne,54,Brentwood,47
2025-12-09,Van-Far,43,Brunswick,48
2025-12-09,Stockton,34,Buffalo,48
2025-12-09,Osborn with Stewartsville,36,Cainsville with Ridgeway,34
2025-12-09,Camdenton,64,California,76
2025-12-09,Jefferson (Festus),44,Central (Park Hills),55
2025-12-09,Kirksville,55,Clark County,12
2025-12-09,Bunker,52,Clearwater,47
2025-12-09,Weaubleau,47,Climax Springs,43
2025-12-09,Canton,37,Clopton,75
2025-12-09,Madison,20,Community,61
2025-12-09,Cabool,25,Couch,51
2025-12-09,Sparta,39,Crane,42
2025-12-09,St. James,35,Cuba,41
2025-12-09,Macks Creek,23,Dadeville,55
2025-12-09,Ash Grove,70,Diamond,42
2025-12-09,Elsberry,36,Duchesne,35
2025-12-09,Central (New Madrid County),91,East Prairie,9
2025-12-09,Hermitage,32,Eugene,62
2025-12-09,Francis Howell,48,Eureka,45
2025-12-09,Bronaugh,28,Exeter,58
2025-12-09,Sheldon,30,Fair Play,45
2025-12-09,St. Michael the Archangel,62,Father Tolton,35
2025-12-09,Eldon,52,Fatima,46
2025-12-09,New Franklin,44,Fayette,29
2025-12-09,Lockwood,65,Forsyth,26
2025-12-09,Ft. Zumwalt East,19,Ft. Zumwalt West,64
2025-12-09,Wheaton,50,Galena,39
2025-12-09,Union Star,27,Gilman City with North Daviess,56
2025-12-09,Ste. Genevieve,58,Grandview (Hillsboro),23
2025-12-09,Mercer,35,Green City,53
2025-12-09,Affton,25,Hancock,29
2025-12-09,Fulton,37,Hannibal,52
2025-12-09,Holcomb,31,Hayti,40
2025-12-09,Marion County,41,Highland,67
2025-12-09,Paseo Academy,24,Hogan Prep Academy Charter,47
2025-12-09,Carrollton,61,Holden,26
2025-12-09,Hazelwood West,36,Incarnate Word Academy,86
2025-12-09,Lafayette (St. Joseph),43,Kearney,23
2025-12-09,Francis Howell North,32,Kirkwood,43
2025-12-09,Pattonville,35,Ladue Horton Watkins,50
2025-12-09,Warrensburg,47,Lafayette County,50
2025-12-09,Versailles,53,Laquey,60
2025-12-09,Paris with Faith Walk,48,Louisiana,37
2025-12-09,Gateway Science Charter,30,Maplewood-Richmond Hts.,42
2025-12-09,Greenfield with Golden City,38,Marion C. Early,44
2025-12-09,Springfield Catholic,30,Marionville,53
2025-12-09,Ozark,44,Marshfield,56
2025-12-09,Pierce City,59,McAuley Catholic,31
2025-12-09,St. Charles West,60,McCluer North,29
2025-12-09,Atlanta,24,Meadville,67
2025-12-09,Miller Career Academy with Sumner,54,Metro,24
2025-12-09,Marshall,50,Mexico,62
2025-12-09,Marceline,63,Milan,42
2025-12-09,Leeton,18,Montrose with Ballard,48
2025-12-09,Monett,60,Neosho,44
2025-12-09,MICDS,70,Nerinx Hall,43
2025-12-09,Belle,89,New Bloomfield,27
2025-12-09,Blue Eye,43,New Covenant Academy,32
2025-12-09,Fordland,47,Niangua,30
2025-12-09,Hale with Bosworth,17,Norborne,64
2025-12-09,Winston,25,North Harrison,44
2025-12-09,St. Pius X (Kansas City),50,North Kansas City,73
2025-12-09,Northeast (Cairo),62,North Shelby,38
2025-12-09,Worth County,51,Northeast Nodaway,30
2025-12-09,Butler,60,Northeast Vernon County with Rich Hill,29
2025-12-09,DeKalb,32,Northland Christian,41
2025-12-09,Oakville,63,Northwest (Cedar Hill),19
2025-12-09,Faith Christian Academy,30,Northwest (Hughesville),40
2025-12-09,Scotland County,71,Novinger,39
2025-12-09,Richmond,39,Oak Grove,64
2025-12-09,Lafayette (Wildwood),55,Parkway South,28
2025-12-09,Rockwood Summit,35,Parkway West,42
2025-12-09,Pleasant Hill,35,Pembroke Hill,52
2025-12-09,School of the Ozarks,34,Pleasant Hope,28
2025-12-09,Gallatin,41,Polo,36
2025-12-09,Battle,28,Rock Bridge,63
2025-12-09,South Nodaway with Jefferson (Conception),25,Savannah,59
2025-12-09,Lee's Summit West,83,Smith-Cotton,32
2025-12-09,Trenton,27,South Harrison,59
2025-12-09,Ellington,74,South Iron,66
2025-12-09,Scott County Central,60,South Pemiscot,57
2025-12-09,Montgomery County,42,Southern Boone,41
2025-12-09,Hardin-Central,51,Southwest (Livingston County) with Breckenridge,20
2025-12-09,Owensville,20,St. Francis Borgia,61
2025-12-09,Bishop LeBlond,51,St. Joseph Christian,25
2025-12-09,Visitation Academy,28,St. Joseph's Academy,73
2025-12-09,Hazelwood Central,45,St. Pius X (Festus),41
2025-12-09,Conway,21,Stoutland,39
2025-12-09,Russellville,52,Stover,36
2025-12-09,Ewing Marion Kauffman,27,Summit Christian Academy,37
2025-12-09,Everton,48,Thomas Jefferson Independent Day,35
2025-12-09,Helias Catholic,53,Tipton,68
2025-12-09,Pattonsburg,34,Tri-County,30
2025-12-09,Van Horn,40,Truman,33
2025-12-09,Clever,51,Walnut Grove,56
2025-12-09,North Point,41,Washington,36
2025-12-09,Clayton,52,Webster Groves,43
2025-12-09,Chamois,8,Wellsville-Middletown,41
2025-12-09,Potosi,63,West County,43
2025-12-09,Barstow,60,Winnetonka,45
2025-12-10,Seckman,54,Bayless,11
2025-12-10,Higbee,44,Boonville,63
2025-12-10,Collegiate School of Med-Bio Science,11,Brentwood,55
2025-12-10,Pilot Grove,34,Bunceton,48
2025-12-10,Oak Ridge,48,Central (Cape Girardeau),60
2025-12-10,Macon,26,Centralia,55
2025-12-10,Sweet Springs,40,Concordia,55
2025-12-10,St. Paul Lutheran (Concordia),21,Crest Ridge,60
2025-12-10,Notre Dame (St. Louis),55,Crystal City,46
2025-12-10,Herculaneum,48,DeSoto,67
2025-12-10,Newburg,31,Dixon,58
2025-12-10,Lakeland,58,Drexel,66
2025-12-10,Plattsburg,41,East Buchanan,27
2025-12-10,Pacific,15,Farmington,58
2025-12-10,Windsor (Imperial),30,Festus,69
2025-12-10,Notre Dame de Sion,61,Harrisonville,43
2025-12-10,Sacred Heart,20,Jamestown,54
2025-12-10,Chaffee,61,Kelly,37
2025-12-10,Hancock,31,Kingston,43
2025-12-10,Chillicothe,53,Knob Noster,35
2025-12-10,Raytown South,30,Lee's Summit,50
2025-12-10,Wellington-Napoleon,37,Lone Jack,56
2025-12-10,Holt,63,Lutheran North,47
2025-12-10,Lutheran (Kansas City),54,Miami (Amoret),41
2025-12-10,Windsor,31,Midway,41
2025-12-10,Salisbury,37,Moberly,52
2025-12-10,Mark Twain,30,Monroe City,53
2025-12-10,Hallsville,49,North Callaway,35
2025-12-10,Lutheran South,44,North County,54
2025-12-10,Francis Howell Central,47,North Point,44
2025-12-10,Prairie Home,29,Northwest (Hughesville),50
2025-12-10,Excelsior Springs,43,Oak Grove,61
2025-12-10,Santa Fe,48,Orrick,26
2025-12-10,South Shelby,62,Palmyra,63
2025-12-10,West Platte,65,Penney,20
2025-12-10,Scott City,13,Perryville,63
2025-12-10,Saxony Lutheran,58,Scott County Central,40
2025-12-10,Sturgeon,56,Smithton,40
2025-12-10,Green Ridge,53,South Callaway,32
2025-12-10,Grandview (Hillsboro),13,St. Clair,60
2025-12-10,Kirkwood,32,St. Dominic,41
2025-12-10,Whitfield,75,STEAM Academy,58
2025-12-10,Battle,48,Union,29
2025-12-10,Wright City,44,Valley Park,40
2025-12-10,Bowling Green,22,Veritas Christian Academy,46
2025-12-10,Parkway West,31,Villa Duchesne,39
2025-12-10,Cameron,32,Warrensburg,58
2025-12-11,Butler,50,Archie,43
2025-12-11,Mountain Grove,52,Aurora,57
2025-12-11,Raymore-Peculiar,50,Belton,22
2025-12-11,Mansfield,51,Billings with Hurley,38
2025-12-11,Rolla,69,Blair Oaks,41
2025-12-11,Cassville,50,Blue Eye,31
2025-12-11,Webb City,57,Blue Springs South,38
2025-12-11,Kingston,21,Bourbon,43
2025-12-11,Sheldon,48,Bronaugh,43
2025-12-11,Marshfield,66,Camdenton,43
2025-12-11,Hayti,50,Campbell,60
2025-12-11,Kennett,60,Central (New Madrid County),29
2025-12-11,Green Ridge,67,Chilhowee,34
2025-12-11,Calvary Lutheran,48,Christian Fellowship Sr.,29
2025-12-11,Valley,13,Clearwater,56
2025-12-11,Humansville,25,Climax Springs,32
2025-12-11,Eugene,54,Clinton,28
2025-12-11,Versailles,39,Cole Camp,37
2025-12-11,Visitation Academy,15,Cor Jesu Academy,63
2025-12-11,Diamond,46,Crane,49
2025-12-11,St. Elizabeth,49,Crocker,47
2025-12-11,King City,43,DeKalb,32
2025-12-11,Perryville,71,Dexter,54
2025-12-11,Liberty (Mountain View),38,Doniphan,74
2025-12-11,Cabool,26,Dora,51
2025-12-11,Bolivar,56,El Dorado Springs,40
2025-12-11,John Burroughs,63,Eureka,51
2025-12-11,Halfway,41,Exeter,43
2025-12-11,Skyline,54,Fair Grove,27
2025-12-11,Dadeville,42,Fair Play,28
2025-12-11,Rock Port,61,Faith Christian Academy,38
2025-12-11,St. Charles West,51,Father Tolton,42
2025-12-11,Marionville,66,Forsyth,36
2025-12-11,North Kansas City,65,Fort Osage,18
2025-12-11,Notre Dame (Cape Girardeau),19,Francis Howell,58
2025-12-11,Duchesne,27,Francis Howell North,58
2025-12-11,Rockwood Summit,53,Ft. Zumwalt East,19
2025-12-11,Hartville,34,Gainesville,44
2025-12-11,West Plains,58,Glendale,33
2025-12-11,Grundy County with Newtown-Harris,35,Green City,53
2025-12-11,Stockton,61,Greenfield with Golden City,29
2025-12-11,Bevier,44,Hale with Bosworth,16
2025-12-11,Carrollton,57,Hardin-Central,19
2025-12-11,Notre Dame de Sion,61,Harrisonville,43
2025-12-11,Nerinx Hall,44,Hazelwood Central,61
2025-12-11,California,51,Helias Catholic,73
2025-12-11,South Callaway,18,Hermann,51
2025-12-11,Parkview,12,Hillcrest,73
2025-12-11,Liberty (Wentzville),42,Hillsboro,68
2025-12-11,Adrian,54,Holden,30
2025-12-11,Macks Creek,17,Iberia,83
2025-12-11,Kickapoo,60,Jefferson City,23
2025-12-11,Rosati-Kain,29,KIPP St. Louis Sr.,41
2025-12-11,Bucklin with Macon County,49,La Plata,77
2025-12-11,Odessa,48,Lafayette County,21
2025-12-11,North Platte,56,Lathrop,44
2025-12-11,Mid-Buchanan,47,Lawson,56
2025-12-11,Eldon,53,Lebanon,43
2025-12-11,Republic,69,Lee's Summit North,14
2025-12-11,Otterville,47,Leeton,17
2025-12-11,Stoutland,48,Licking,68
2025-12-11,Marion County,61,Louisiana,46
2025-12-11,South Harrison,40,Maryville,66
2025-12-11,Lockwood,63,McAuley Catholic,42
2025-12-11,Oakville,51,Mehlville,47
2025-12-11,Chadwick,44,Miller,57
2025-12-11,New Haven,36,Montgomery County,59
2025-12-11,Pleasant Hill,27,Nevada,53
2025-12-11,Tuscumbia,60,Newburg,83
2025-12-11,McCluer,59,Normandy Collaborative,31
2025-12-11,Osborn with Stewartsville,22,North Nodaway,29
2025-12-11,Stanberry,60,Northeast Nodaway,20
2025-12-11,Marceline,52,Novinger,37
2025-12-11,Platte County,28,Oak Park,61
2025-12-11,St. Francis Borgia,56,Orchard Farm,28
2025-12-11,Waynesville,46,Osage,63
2025-12-11,Fatima,40,Owensville,25
2025-12-11,Highland,49,Paris with Faith Walk,40
2025-12-11,Grandview,46,Park Hill,45
2025-12-11,Clayton,70,Pattonville,36
2025-12-11,Salem,54,Plato,23
2025-12-11,Thomas Jefferson Independent Day,37,Purdy,30
2025-12-11,Neelyville,55,Puxico,32
2025-12-11,Springfield Catholic,33,Reeds Spring,40
2025-12-11,Jennings,34,Ritenour,21
2025-12-11,Pembroke Hill,37,Savannah,46
2025-12-11,Putnam County,54,Scotland County,74
2025-12-11,Saxony Lutheran,50,Scott City,46
2025-12-11,Poplar Bluff,62,Scott County Central,30
2025-12-11,Windsor (Imperial),28,Seckman,62
2025-12-11,East Prairie,17,Senath-Hornersville,62
2025-12-11,East Carter,61,South Iron,69
2025-12-11,Monett,55,Spokane,42
2025-12-11,Fredericktown,26,St. Vincent,52
2025-12-11,West County,49,Ste. Genevieve,44
2025-12-11,Richland,53,Steelville,59
2025-12-11,Lutheran St. Charles,71,Strafford,66
2025-12-11,Northwestern (Mendon) with Keytesville,32,Tina-Avalon,62
2025-12-11,Naylor,38,Twin Rivers,60
2025-12-11,Cainsville with Ridgeway,33,Union Star,51
2025-12-11,St. Joseph's Academy,48,Ursuline Academy,37
2025-12-11,Raytown,30,Van Horn,47
2025-12-11,Seneca,60,Verona,43
2025-12-11,Laquey,28,Vienna,70
2025-12-11,Stover,66,Warsaw,41
2025-12-11,Ft. Zumwalt North,40,Washington,37
2025-12-11,Glasgow,38,Westran,53
2025-12-11,Weaubleau,31,Wheatland,56
2025-12-11,Lutheran North,23,Whitfield,56
2025-12-11,Truman,55,William Chrisman,30
2025-12-11,Greenwood,35,Willow Springs,49
2025-12-11,Ruskin,19,Winnetonka,63
2025-12-12,Gilman City with North Daviess,37,Albany,30
2025-12-12,Butler,34,Appleton City,55
2025-12-12,Pleasant Hill,54,Archie,50
2025-12-12,Greenfield with Golden City,31,Ash Grove,60
2025-12-12,Northwestern (Mendon) with Keytesville,42,Bevier,49
2025-12-12,Brentwood,61,Bishop DuBourg,54
2025-12-12,Grain Valley,51,Blue Springs,36
2025-12-12,Joplin,42,Blue Springs South,54
2025-12-12,Centralia,55,Boonville,36
2025-12-12,Thomas Jefferson Independent Day,23,Bronaugh,18
2025-12-12,South Harrison,64,Brookfield,32
2025-12-12,Hardin-Central,35,Brunswick,54
2025-12-12,Sturgeon,64,Bunceton,48
2025-12-12,Branson,65,Carl Junction,41
2025-12-12,St. Pius X (Kansas City),51,Central (St. Joseph),31
2025-12-12,Bloomfield with Richland (Essex),27,Chaffee,57
2025-12-12,Bourbon,52,Chamois,12
2025-12-12,Diamond,34,Clever,57
2025-12-12,Hermitage,34,Climax Springs,30
2025-12-12,Weaubleau,40,Clinton,36
2025-12-12,Santa Fe,44,Concordia,34
2025-12-12,Pleasant Hope,25,Conway,44
2025-12-12,Koshkonong,29,Couch,60
2025-12-12,Herculaneum,50,Crystal City,56
2025-12-12,Lesterville,9,Cuba,75
2025-12-12,Everton,42,Dadeville,47
2025-12-12,Notre Dame (St. Louis),52,DeSoto,42
2025-12-12,Midway,29,Drexel,53
2025-12-12,Penney,18,East Buchanan,57
2025-12-12,Marion C. Early,33,El Dorado Springs,40
2025-12-12,Wheatland,45,Eugene,53
2025-12-12,North County,31,Farmington,47
2025-12-12,Holt,41,Ft. Zumwalt North,57
2025-12-12,St. Dominic,37,Ft. Zumwalt South,44
2025-12-12,Putnam County,32,Gallatin,42
2025-12-12,Gateway Science Charter,51,Gateway with Soldan International Studies,22
2025-12-12,Northeast (Cairo),51,Glasgow,61
2025-12-12,Southern Boone,24,Harrisburg,37
2025-12-12,Nerinx Hall,44,Hazelwood Central,61
2025-12-12,Spokane,58,Hollister,67
2025-12-12,Bunker,69,Houston,41
2025-12-12,Northeast Vernon County with Rich Hill,37,Hume,61
2025-12-12,Northwest (Hughesville),38,Jamestown,55
2025-12-12,Lockwood,62,Jasper,36
2025-12-12,Republic,76,Jefferson City,56
2025-12-12,Parkway South,39,John Burroughs,67
2025-12-12,Lutheran St. Charles,55,Kickapoo,63
2025-12-12,Lutheran (Kansas City),47,Kingsville,38
2025-12-12,Canton,36,Kirksville,60
2025-12-12,Clopton,67,Knox County,33
2025-12-12,MICDS,69,Ladue Horton Watkins,54
2025-12-12,Lincoln College Prep,24,Lafayette (St. Joseph),51
2025-12-12,Northwest (Cedar Hill),17,Lafayette (Wildwood),56
2025-12-12,Richmond,49,Lafayette County,28
2025-12-12,Windsor,15,Lakeland,51
2025-12-12,Strafford,70,Lee's Summit North,14
2025-12-12,New Heights Christian,40,Liberal,50
2025-12-12,Believe Acad Charter,5,Liberty (Mountain View),63
2025-12-12,Parkway Central,26,Lindbergh,41
2025-12-12,Atlanta,47,Linn County,40
2025-12-12,Principia,65,Logan-Rogersville,54
2025-12-12,Higbee,46,Macon,49
2025-12-12,Campbell,52,Malden,83
2025-12-12,Polo,19,Marceline,70
2025-12-12,Fulton,29,Marshall,42
2025-12-12,Milan,48,Maysville,45
2025-12-12,Sarcoxie,51,McAuley Catholic,41
2025-12-12,Brashear,36,Meadville,43
2025-12-12,Hallsville,12,Moberly,55
2025-12-12,Highland,49,Monroe City,32
2025-12-12,Lebanon,63,Neosho,47
2025-12-12,Madison,21,New Franklin,65
2025-12-12,Walnut Grove,41,Norwood,50
2025-12-12,Sweet Springs,57,Orrick,28
2025-12-12,Sherwood,20,Osceola,52
2025-12-12,Lutheran South,62,Pacific,30
2025-12-12,Marion County,49,Palmyra,25
2025-12-12,Mark Twain,59,Paris with Faith Walk,42
2025-12-12,McCluer North,28,Parkway North,76
2025-12-12,Smithton,28,Pilot Grove,36
2025-12-12,West Platte,46,Plattsburg,39
2025-12-12,Sacred Heart,39,Prairie Home,42
2025-12-12,Pattonsburg,25,Princeton,52
2025-12-12,Capital City,45,Raytown South,38
2025-12-12,Green City,60,Schuyler County,56
2025-12-12,Community,58,Slater with Malta Bend,37
2025-12-12,Maryville,54,South Nodaway with Jefferson (Conception),27
2025-12-12,Norborne,60,Southwest (Livingston County) with Breckenridge,16
2025-12-12,Seneca,54,Southwest (Washburn),56
2025-12-12,Summit Christian Academy,28,Springfield Catholic,53
2025-12-12,New Haven,28,St. James,32
2025-12-12,North Harrison,30,St. Joseph Christian,33
2025-12-12,North Andrew,21,Stanberry,59
2025-12-12,Fox,29,Sullivan,50
2025-12-12,Francis Howell Central,65,Timberland,35
2025-12-12,Chillicothe,54,Trenton,14
2025-12-12,Braymer,40,Tri-County,47
2025-12-12,Marquette,65,Troy Buchanan,47
2025-12-12,Metro,23,Villa Duchesne,56
2025-12-12,Excelsior Springs,49,Warrensburg,54
2025-12-12,Bishop LeBlond,49,West Nodaway with Nodaway-Holt,27
2025-12-12,East Newton,59,Wheaton,21
2025-12-12,St. Charles,34,Winfield,50
2025-12-12,Union Star,38,Winston,34
2025-12-12,King City,45,Worth County,35
2025-12-12,Liberty (Wentzville),59,Wright City,26
2025-12-13,Branson,58,Blue Springs South,63
2025-12-13,Central (Park Hills),36,Bunker,39
2025-12-13,Joplin,47,Carl Junction,51
2025-12-13,Chaffee,69,Central (Cape Girardeau),43
2025-12-13,Lone Jack,52,Crest Ridge,35
2025-12-13,Perryville,54,Delta,52
2025-12-13,Summit Christian Academy,28,Greenwood,59
2025-12-13,Woodland,21,Jackson,68
2025-12-13,Strafford,81,Jefferson City,53
2025-12-13,Oak Ridge,65,Kelly,48
2025-12-13,Lee's Summit North,25,Kickapoo,97
2025-12-13,Mid-Buchanan,55,Lathrop,44
2025-12-13,North Platte,51,Lawson,46
2025-12-13,Tipton,56,Logan-Rogersville,59
2025-12-13,Principia,56,Marshfield,47
2025-12-13,Capital City,53,Notre Dame de Sion,67
2025-12-13,Odessa,41,Oak Grove,53
2025-12-13,Lutheran St. Charles,50,Republic,57
2025-12-13,Saxony Lutheran,25,St. Vincent,57
2025-12-13,Faith Christian Academy,23,Tarkio with Fairfax,36
2025-12-13,St. Paul Lutheran (Concordia),47,Wellington-Napoleon,49
2025-12-14,Parkway South,30,Marshfield,60
2025-12-15,Dora,32,Alton,43
2025-12-15,Ewing Marion Kauffman,28,Archie,56
2025-12-15,Chadwick,65,Aurora,52
2025-12-15,Liberty (Mountain View),50,Bakersfield,48
2025-12-15,California,45,Battle,38
2025-12-15,Dixon,44,Belle,40
2025-12-15,Platte County,41,Benton,58
2025-12-15,Potosi,52,Bismarck,51
2025-12-15,Reeds Spring,51,Blue Eye,36
2025-12-15,Liberty North,67,Blue Springs,39
2025-12-15,Laquey,52,Bourbon,26
2025-12-15,Salisbury,39,Brunswick,31
2025-12-15,Grundy County with Newtown-Harris,43,Bucklin with Macon County,31
2025-12-15,Prairie Home,52,Bunceton,45
2025-12-15,Braymer,31,Cainsville with Ridgeway,50
2025-12-15,Hollister,34,Cassville,63
2025-12-15,Lafayette (St. Joseph),47,Central (St. Joseph),9
2025-12-15,Ash Grove,56,Clever,61
2025-12-15,Nevada,56,Clinton,19
2025-12-15,Bayless,17,Collegiate School of Med-Bio Science,25
2025-12-15,Windsor (Imperial),49,Crystal City,40
2025-12-15,Bloomfield with Richland (Essex),35,Dexter,34
2025-12-15,Holden,18,Drexel,32
2025-12-15,Twin Rivers,60,East Carter,28
2025-12-15,Pierce City,42,East Newton,39
2025-12-15,New Covenant Academy,47,Everton,45
2025-12-15,Northeast (Kansas City),11,Excelsior Springs,56
2025-12-15,Halfway,50,Fair Play,54
2025-12-15,West Platte,62,Faith Christian Academy,27
2025-12-15,Central (Park Hills),32,Festus,45
2025-12-15,Sparta,33,Fordland,41
2025-12-15,Mt. Vernon,51,Forsyth,49
2025-12-15,William Chrisman,24,Fort Osage,55
2025-12-15,Orchard Farm,42,Fox,34
2025-12-15,South Iron,37,Fredericktown,59
2025-12-15,Timberland,52,Ft. Zumwalt East,20
2025-12-15,Cuba,44,Ft. Zumwalt North,46
2025-12-15,Central (Springfield),71,Galena,27
2025-12-15,Northeast Nodaway,18,Gilman City with North Daviess,52
2025-12-15,Belton,12,Grandview,56
2025-12-15,Valle Catholic with St. Paul Lutheran (Farmington),73,Grandview (Hillsboro),16
2025-12-15,Leeton,17,Green Ridge,55
2025-12-15,Verona,44,Greenfield with Golden City,54
2025-12-15,South Pemiscot,63,Hayti,43
2025-12-15,Tuscumbia,33,Hermitage,51
2025-12-15,Bevier,24,Higbee,81
2025-12-15,Crocker,54,Iberia,50
2025-12-15,Chaffee,38,Jackson,59
2025-12-15,McAuley Catholic,35,Jasper,45
2025-12-15,West County,61,Jefferson (Festus),73
2025-12-15,Farmington,47,Kennett,59
2025-12-15,Columbia Independent,12,La Monte,43
2025-12-15,Wellington-Napoleon,26,Lawson,55
2025-12-15,Lee's Summit,38,Lee's Summit West,68
2025-12-15,Otterville,30,Lincoln,31
2025-12-15,Northwestern (Mendon) with Keytesville,28,Linn County,40
2025-12-15,Thomas Jefferson Independent Day,29,Lockwood,56
2025-12-15,Ozark,46,Logan-Rogersville,66
2025-12-15,Plattsburg,49,Lutheran (Kansas City),38
2025-12-15,Central (New Madrid County),55,Malden,63
2025-12-15,Gainesville,54,Mansfield,27
2025-12-15,Fair Grove,26,Marionville,53
2025-12-15,Southern Boone,28,Mark Twain,62
2025-12-15,Summit Christian Academy,67,Miami (Amoret),41
2025-12-15,Norwood,69,Mountain Grove,33
2025-12-15,Doniphan,68,Naylor,24
2025-12-15,Macks Creek,33,Newburg,67
2025-12-15,North Nodaway,14,North Andrew,40
2025-12-15,Oak Park,64,North Kansas City,75
2025-12-15,Paris with Faith Walk,33,North Shelby,41
2025-12-15,La Plata,58,Northeast (Cairo),55
2025-12-15,Polo,21,Northland Christian,43
2025-12-15,Smithton,17,Northwest (Hughesville),64
2025-12-15,Portageville,61,Notre Dame (Cape Girardeau),42
2025-12-15,Chillicothe,59,Oak Grove,24
2025-12-15,Lexington,40,Odessa,61
2025-12-15,Camdenton,59,Osage,70
2025-12-15,Dadeville,35,Osceola,41
2025-12-15,St. James,54,Owensville,15
2025-12-15,Union,35,Pacific,39
2025-12-15,St. Teresa's Academy,37,Park Hill South,28
2025-12-15,Monett,62,Parkview,42
2025-12-15,Kirkwood,63,Parkway North,33
2025-12-15,Veritas Christian Academy,51,Pattonville,54
2025-12-15,St. Vincent,53,Perryville,37
2025-12-15,Stockton,55,Pleasant Hope,31
2025-12-15,Van Buren,46,Puxico,42
2025-12-15,Liberty,58,Raymore-Peculiar,48
2025-12-15,Licking,46,Richland,54
2025-12-15,Carrollton,34,Richmond,21
2025-12-15,Nixa,65,Rolla,66
2025-12-15,Truman,63,Ruskin,13
2025-12-15,Highland,58,Scotland County,39
2025-12-15,Scott County Central,47,Scott City,55
2025-12-15,Charleston,81,Senath-Hornersville,43
2025-12-15,Purdy,31,Sheldon,42
2025-12-15,Montgomery County,46,Silex,53
2025-12-15,Father Tolton,67,South Shelby,87
2025-12-15,Diamond,35,Southwest (Washburn),47
2025-12-15,Blue Springs South,29,Staley,85
2025-12-15,St. Francis Borgia,56,Steelville,26
2025-12-15,Calvary Lutheran,32,Stoutland,40
2025-12-15,Southwest (Livingston County) with Breckenridge,9,Sweet Springs,46
2025-12-15,Springfield Catholic,45,Thayer,58
2025-12-15,Tina-Avalon,48,Tri-County,39
2025-12-15,North Callaway,28,Van-Far,26
2025-12-15,Chamois,6,Vienna,82
2025-12-15,Miller,44,Walnut Grove,37
2025-12-15,Hermann,35,Warrenton,44
2025-12-15,Crest Ridge,50,Windsor,21
2025-12-15,St. Charles West,52,Winfield,36
2025-12-16,Harrisonville,38,Adrian,50
2025-12-16,Worth County,30,Albany,46
2025-12-16,Pleasant Hill,51,Appleton City,53
2025-12-16,Ewing Marion Kauffman,31,Archie,65
2025-12-16,Bakersfield,53,Ava,35
2025-12-16,Hancock,14,Bishop DuBourg,45
2025-12-16,Lee's Summit North,32,Bolivar,71
2025-12-16,Louisiana,59,Bowling Green,25
2025-12-16,Milan,41,Brashear,39
2025-12-16,Maplewood-Richmond Hts.,47,Brentwood,60
2025-12-16,Ellington,50,Bunker,67
2025-12-16,Marshall,38,Camdenton,60
2025-12-16,South Shelby,64,Canton,51
2025-12-16,Willard,79,Capital City,58
2025-12-16,St. Paul Lutheran (Concordia),25,Carrollton,50
2025-12-16,Paseo Academy,13,Center,64
2025-12-16,Clever,63,Central (Springfield),31
2025-12-16,Niangua,31,Chadwick,55
2025-12-16,New Bloomfield,49,Chamois,34
2025-12-16,Elsberry,18,Clopton,82
2025-12-16,Sturgeon,26,Community,45
2025-12-16,Gateway Science Charter,43,Confluence Prep Academy Charter with Grand Center Arts Charter,39
2025-12-16,Valley,26,Crystal City,56
2025-12-16,Savannah,56,East Buchanan,24
2025-12-16,Hallsville,38,Eugene,52
2025-12-16,Ursuline Academy,46,Eureka,60
2025-12-16,Linn,40,Fatima,39
2025-12-16,Westran,47,Fayette,36
2025-12-16,Parkway West,44,Francis Howell North,67
2025-12-16,Francis Howell Central,24,Ft. Zumwalt South,62
2025-12-16,Boonville,75,Fulton,19
2025-12-16,KIPP St. Louis Sr.,51,Gateway with Soldan International Studies,13
2025-12-16,Pattonsburg,31,Gilman City with North Daviess,60
2025-12-16,Pilot Grove,25,Glasgow,69
2025-12-16,Kearney,59,Grain Valley,64
2025-12-16,Lockwood,67,Greenfield with Golden City,31
2025-12-16,Doniphan,59,Greenville,25
2025-12-16,Grundy County with Newtown-Harris,72,Hale with Bosworth,11
2025-12-16,Climax Springs,43,Halfway,39
2025-12-16,Moberly,38,Hannibal,32
2025-12-16,Affton,17,Hazelwood East,42
2025-12-16,Lutheran St. Charles,50,Hickman,40
2025-12-16,Christian Fellowship Sr.,33,Jamestown,51
2025-12-16,Stanberry,36,King City,19
2025-12-16,Grandview (Hillsboro),39,Kingston,22
2025-12-16,Holden,49,Kingsville,23
2025-12-16,Mexico,56,Kirksville,76
2025-12-16,Willow Springs,65,Koshkonong,32
2025-12-16,Mid-Buchanan,25,Lafayette (St. Joseph),41
2025-12-16,Sweet Springs,24,Lafayette County,54
2025-12-16,Chilhowee,30,Lakeland,67
2025-12-16,Liberal,37,Lamar,67
2025-12-16,Newburg,48,Laquey,42
2025-12-16,Orrick,20,Lathrop,55
2025-12-16,Cameron,52,Lawson,49
2025-12-16,East Carter,57,Lesterville,24
2025-12-16,Chillicothe,56,Macon,41
2025-12-16,Monroe City,59,Mark Twain,54
2025-12-16,Billings with Hurley,36,McAuley Catholic,42
2025-12-16,Believe Acad Charter,0,McCluer North,2
2025-12-16,Carthage,25,McDonald County,53
2025-12-16,Linn County,22,Meadville,59
2025-12-16,Midway,45,Miami (Amoret),29
2025-12-16,Green Ridge,46,Montrose with Ballard,35
2025-12-16,North Platte,58,Mound City,72
2025-12-16,Hume,44,Nevada,38
2025-12-16,Marion C. Early,53,New Covenant Academy,42
2025-12-16,Higbee,62,Norborne,39
2025-12-16,Princeton,38,North Harrison,21
2025-12-16,Washington,43,North Point,67
2025-12-16,Madison,11,Northeast (Cairo),76
2025-12-16,North Nodaway,27,Northeast Nodaway,24
2025-12-16,Ewing Marion Kauffman,44,Northeast Vernon County with Rich Hill,47
2025-12-16,Bevier,15,Novinger,57
2025-12-16,DeKalb,50,Osborn with Stewartsville,12
2025-12-16,University City,75,Parkway North,36
2025-12-16,Wheatland,58,Pleasant Hope,27
2025-12-16,Maysville,43,Polo,23
2025-12-16,Marceline,54,Putnam County,30
2025-12-16,Twin Rivers,61,Puxico,31
2025-12-16,Butler,56,Raytown,35
2025-12-16,Knob Noster,56,Richmond,47
2025-12-16,Northwest (Cedar Hill),26,Rockwood Summit,40
2025-12-16,Collegiate School of Med-Bio Science,28,Rosati-Kain,30
2025-12-16,St. Francis Borgia,71,Salem,28
2025-12-16,Knox County,36,Salisbury,38
2025-12-16,Sacred Heart,34,Santa Fe,41
2025-12-16,Oakville,54,Seckman,51
2025-12-16,Joplin,61,Seneca,36
2025-12-16,Weaubleau,38,Sheldon,32
2025-12-16,Buffalo,27,Skyline,52
2025-12-16,New Franklin,62,Slater with Malta Bend,26
2025-12-16,Rock Bridge,67,Smith-Cotton,32
2025-12-16,Gallatin,14,South Harrison,51
2025-12-16,Rock Port,54,South Holt,14
2025-12-16,Mansfield,43,Spokane,66
2025-12-16,Russellville,46,St. Elizabeth,61
2025-12-16,Sullivan,36,St. James,32
2025-12-16,Tri-County,22,St. Joseph Christian,36
2025-12-16,St. Pius X (Festus),44,St. Joseph's Academy,55
2025-12-16,South Nodaway with Jefferson (Conception),25,Tarkio with Fairfax,17
2025-12-16,Southwest (Livingston County) with Breckenridge,16,Tina-Avalon,43
2025-12-16,Brookfield,30,Trenton,20
2025-12-16,West Nodaway with Nodaway-Holt,39,Union Star,52
2025-12-16,Neelyville,52,Valle Catholic with St. Paul Lutheran (Farmington),31
2025-12-16,Bayless,32,Valley Park,29
2025-12-16,Hogan Prep Academy Charter,26,Warrensburg,70
2025-12-16,St. Charles,41,Warrenton,39
2025-12-16,Cole Camp,43,Warsaw,51
2025-12-16,Penney,31,Wellington-Napoleon,49
2025-12-16,Sarcoxie,66,Wheaton,34
2025-12-17,Tuscumbia,53,Bunceton,33
2025-12-17,STEAM Academy,32,Cardinal Ritter,81
2025-12-17,Woodland,38,Central (Cape Girardeau),32
2025-12-17,Normandy Collaborative,38,Confluence Prep Academy Charter with Grand Center Arts Charter,29
2025-12-17,Wright City,24,Cuba,60
2025-12-17,Saxony Lutheran,34,Delta,50
2025-12-17,Northwest (Cedar Hill),39,DeSoto,46
2025-12-17,Leeton,10,Drexel,62
2025-12-17,Versailles,38,Eldon,49
2025-12-17,Maryville,63,Excelsior Springs,39
2025-12-17,Helias Catholic,24,Fatima,57
2025-12-17,Veritas Christian Academy,38,Fox,51
2025-12-17,Union,25,Ft. Zumwalt West,46
2025-12-17,New Bloomfield,15,Hallsville,67
2025-12-17,Prairie Home,49,Hermitage,50
2025-12-17,Scott County Central,53,Kelly,62
2025-12-17,Blue Springs South,26,Liberty,67
2025-12-17,Northwest (Hughesville),52,Lincoln,27
2025-12-17,Windsor,17,Lone Jack,59
2025-12-17,La Plata,48,Marion County,42
2025-12-17,Believe Acad Charter,4,McCluer North,63
2025-12-17,Bishop DuBourg,26,Miller Career Academy with Sumner,50
2025-12-17,Ewing Marion Kauffman,49,Northeast Vernon County with Rich Hill,53
2025-12-17,Kearney,52,Odessa,48
2025-12-17,Smithton,41,Otterville,66
2025-12-17,Orchard Farm,54,Pattonville,20
2025-12-17,Crest Ridge,54,Sherwood,44
2025-12-17,McCluer,14,St. Pius X (Festus),88
2025-12-17,St. Michael the Archangel,48,St. Pius X (Kansas City),58
2025-12-17,Herculaneum,28,West County,64
2025-12-17,Smithville,63,Winnetonka,47
2025-12-18,University Academy Charter,25,Adrian,54
2025-12-18,Butler,33,Appleton City,51
2025-12-18,South Iron,45,Arcadia Valley,84
2025-12-18,Mansfield,35,Ava,50
2025-12-18,Bourbon,29,Belle,47
2025-12-18,School of the Ozarks,42,Billings with Hurley,44
2025-12-18,Eugene,47,Blair Oaks,55
2025-12-18,Raymore-Peculiar,36,Blue Springs,43
2025-12-18,Winston,46,Braymer,38
2025-12-18,Crystal City,66,Brentwood,64
2025-12-18,Hume,59,Bronaugh,33
2025-12-18,Pattonsburg,52,Cainsville with Ridgeway,42
2025-12-18,Smith-Cotton,50,Camdenton,62
2025-12-18,Santa Fe,15,Carrollton,46
2025-12-18,Naylor,45,Central (New Madrid County),49
2025-12-18,Perryville,47,Chaffee,54
2025-12-18,Osceola,37,Clinton,36
2025-12-18,Woodland,38,Delta,55
2025-12-18,Cassville,71,Diamond,42
2025-12-18,Linn,42,Eldon,54
2025-12-18,New Covenant Academy,56,Fair Play,49
2025-12-18,Jefferson City,73,Father Tolton,60
2025-12-18,Versailles,37,Fatima,47
2025-12-18,Blue Eye,33,Forsyth,37
2025-12-18,Cuba,43,Fox,36
2025-12-18,Francis Howell Central,50,Francis Howell,53
2025-12-18,Parkway North,53,Francis Howell North,65
2025-12-18,West County,66,Fredericktown,45
2025-12-18,Pattonville,52,Ft. Zumwalt North,59
2025-12-18,Sparta,35,Gainesville,46
2025-12-18,Rockwood Summit,70,Gateway with Soldan International Studies,11
2025-12-18,Raytown South,25,Grandview,64
2025-12-18,Kingsville,22,Green Ridge,50
2025-12-18,Raytown,36,Harrisonville,71
2025-12-18,Kennett,88,Hayti,29
2025-12-18,Central (Park Hills),39,Hillsboro,52
2025-12-18,Galena,25,Hollister,56
2025-12-18,St. Vincent,38,Jackson,40
2025-12-18,Wheaton,32,Jasper,49
2025-12-18,Parkway South,82,Jennings,28
2025-12-18,Ste. Genevieve,48,Kingston,17
2025-12-18,Marceline,53,La Plata,38
2025-12-18,Park Hill South,38,Lafayette (St. Joseph),44
2025-12-18,Eureka,46,Lafayette (Wildwood),35
2025-12-18,Iberia,82,Laquey,30
2025-12-18,Northland Christian,34,Lathrop,58
2025-12-18,Buffalo,40,Lebanon,45
2025-12-18,Lee's Summit North,38,Lee's Summit,56
2025-12-18,Staley,65,Lee's Summit West,61
2025-12-18,Clearwater,72,Lesterville,45
2025-12-18,Orrick,18,Lexington,55
2025-12-18,Crocker,63,Licking,39
2025-12-18,Mercer,60,Linn County,23
2025-12-18,North Callaway,50,Louisiana,54
2025-12-18,Humansville,48,Macks Creek,58
2025-12-18,Bishop LeBlond,38,Macon,31
2025-12-18,Bucklin with Macon County,69,Madison,50
2025-12-18,Rolla,48,Marshfield,62
2025-12-18,Greenfield with Golden City,43,McAuley Catholic,33
2025-12-18,Hannibal,42,Mexico,58
2025-12-18,Summit Christian Academy,57,Midway,28
2025-12-18,Crane,33,Miller,63
2025-12-18,Branson,55,Mt. Vernon,43
2025-12-18,Carl Junction,33,Nevada,48
2025-12-18,Pacific,39,New Haven,37
2025-12-18,Conway,32,Niangua,39
2025-12-18,Windsor (Imperial),30,North County,65
2025-12-18,Hardin-Central,64,Northwestern (Mendon) with Keytesville,38
2025-12-18,Knob Noster,47,Odessa,56
2025-12-18,Sullivan,58,Owensville,30
2025-12-18,West Plains,63,Ozark,40
2025-12-18,Oak Park,52,Park Hill,32
2025-12-18,Sturgeon,56,Pilot Grove,39
2025-12-18,Hartville,53,Plato,21
2025-12-18,Notre Dame (Cape Girardeau),52,Poplar Bluff,35
2025-12-18,North Andrew,37,Princeton,44
2025-12-18,Verona,44,Purdy,53
2025-12-18,Marionville,52,Reeds Spring,39
2025-12-18,Strafford,65,Republic,48
2025-12-18,Notre Dame (St. Louis),60,Rosati-Kain,17
2025-12-18,Platte County,44,Ruskin,14
2025-12-18,Steelville,52,Salem,44
2025-12-18,Northeast (Cairo),51,Salisbury,20
2025-12-18,Brookfield,33,Schuyler County,50
2025-12-18,Winfield,42,Silex,45
2025-12-18,Christian Fellowship Sr.,54,South Callaway,52
2025-12-18,Union Star,33,South Nodaway with Jefferson (Conception),59
2025-12-18,Clever,53,Spokane,41
2025-12-18,Central (Springfield),17,Springfield Catholic,50
2025-12-18,Osage,41,St. Elizabeth,51
2025-12-18,Stover,36,St. Paul Lutheran (Concordia),26
2025-12-18,El Dorado Springs,47,Stockton,26
2025-12-18,Cole Camp,44,Sweet Springs,45
2025-12-18,Brunswick,60,Tina-Avalon,22
2025-12-18,Campbell,20,Twin Rivers,50
2025-12-18,St. Joseph's Academy,50,University City,49
2025-12-18,Mountain Grove,43,Van Buren,46
2025-12-18,Excelsior Springs,52,Van Horn,45
2025-12-18,Newburg,39,Vienna,53
2025-12-18,Capital City,38,Warrensburg,61
2025-12-18,Montrose with Ballard,38,Weaubleau,31
2025-12-18,McDonald County,52,Webb City,48
2025-12-18,Plattsburg,48,West Platte,28
2025-12-18,McCluer North,31,Westminster Christian Academy,41
2025-12-18,North Shelby,34,Westran,64
2025-12-18,Sherwood,60,Windsor,26
2025-12-18,Fort Osage,70,Winnetonka,66
2025-12-18,Veritas Christian Academy,47,Wright City,22
2025-12-19,Appleton City,51,Adrian,41
2025-12-19,Brashear,35,Atlanta,30
2025-12-19,Tri-County,43,Bevier,28
2025-12-19,Puxico,36,Bloomfield with Richland (Essex),40
2025-12-19,Mercer,35,Braymer,29
2025-12-19,South Shelby,66,Brookfield,16
2025-12-19,Novinger,44,Bucklin with Macon County,53
2025-12-19,University Academy Charter,28,Butler,48
2025-12-19,North Nodaway,43,Cainsville with Ridgeway,24
2025-12-19,Savannah,45,Central (St. Joseph),33
2025-12-19,Chillicothe,23,Centralia,45
2025-12-19,Helias Catholic,70,Chamois,17
2025-12-19,Norborne,45,Chilhowee,32
2025-12-19,Osceola,44,Crest Ridge,30
2025-12-19,Northeast Nodaway,20,DeKalb,42
2025-12-19,New Heights Christian,41,Diamond,48
2025-12-19,Holcomb,8,Doniphan,63
2025-12-19,Couch,48,Dora,43
2025-12-19,Neelyville,55,East Carter,41
2025-12-19,Southwest (Washburn),60,Exeter,36
2025-12-19,Linn,45,Fatima,49
2025-12-19,Washington,27,Ft. Zumwalt South,54
2025-12-19,Clayton,28,Ft. Zumwalt West,64
2025-12-19,Fair Play,60,Galena,22
2025-12-19,Trenton,33,Gallatin,39
2025-12-19,STEAM Academy,80,Gateway Science Charter,16
2025-12-19,Green City,48,Gilman City with North Daviess,54
2025-12-19,Hallsville,26,Harrisburg,65
2025-12-19,Pleasant Hill,53,Harrisonville,47
2025-12-19,Father Tolton,32,Helias Catholic,68
2025-12-19,Joplin,61,Lebanon,37
2025-12-19,Lakeland,53,Leeton,5
2025-12-19,Liberty North,56,Liberty,47
2025-12-19,Lafayette County,37,Lone Jack,32
2025-12-19,Greenville,57,Malden,42
2025-12-19,South Harrison,43,Marceline,37
2025-12-19,Scotland County,59,Marion County,56
2025-12-19,Clopton,72,Mark Twain,48
2025-12-19,Moberly,44,Marshall,36
2025-12-19,Putnam County,32,Maysville,50
2025-12-19,New Franklin,59,Meadville,29
2025-12-19,Northeast Vernon County with Rich Hill,2,Miami (Amoret),0
2025-12-19,Lawson,32,Mid-Buchanan,44
2025-12-19,Polo,22,Milan,53
2025-12-19,Wellsville-Middletown,9,Montgomery County,53
2025-12-19,Drexel,47,Montrose with Ballard,37
2025-12-19,Tarkio with Fairfax,20,Mound City,58
2025-12-19,Rock Bridge,73,Nixa,51
2025-12-19,East Buchanan,46,North Platte,50
2025-12-19,Houston,23,Norwood,67
2025-12-19,Benton,61,Oak Park,43
2025-12-19,Farmington,47,Oakville,32
2025-12-19,Salem,38,Owensville,45
2025-12-19,Schuyler County,28,Paris with Faith Walk,52
2025-12-19,North Harrison,29,Pattonsburg,32
2025-12-19,Lathrop,51,Penney,34
2025-12-19,Valle Catholic with St. Paul Lutheran (Farmington),40,Potosi,73
2025-12-19,Stoutland,32,Richland,71
2025-12-19,Osborn with Stewartsville,18,Rock Port,69
2025-12-19,Fox,40,Seckman,66
2025-12-19,Central (New Madrid County),49,Senath-Hornersville,50
2025-12-19,Everton,29,Sheldon,41
2025-12-19,Kearney,35,Smithville,41
2025-12-19,Bismarck,78,South Iron,45
2025-12-19,West Platte,48,South Nodaway with Jefferson (Conception),38
2025-12-19,Excelsior Springs,65,Southern Boone,57
2025-12-19,Lutheran South,53,St. Charles West,35
2025-12-19,Duchesne,28,St. Dominic,67
2025-12-19,Steelville,20,St. James,41
2025-12-19,King City,38,St. Joseph Christian,34
2025-12-19,Albany,43,Stanberry,47
2025-12-19,St. Francis Borgia,58,Sullivan,33
2025-12-19,Holt,50,Timberland,36
2025-12-19,Grain Valley,60,Truman,28
2025-12-19,Ellington,57,Van Buren,67
2025-12-19,Community,44,Van-Far,36
2025-12-19,Lockwood,61,Verona,27
2025-12-19,California,70,Warrensburg,43
2025-12-19,Capital City,34,Waynesville,71
2025-12-19,Lexington,51,Wellington-Napoleon,40
2025-12-19,Westminster Christian Academy,28,Whitfield,55
2025-12-19,Center,49,William Chrisman,65
2025-12-20,Sparta,32,Appleton City,60
2025-12-20,Summit Christian Academy,30,Archie,57
2025-12-20,Billings with Hurley,20,Ash Grove,70
2025-12-20,Charleston,62,Bloomfield with Richland (Essex),59
2025-12-20,Marion C. Early,46,Blue Eye,43
2025-12-20,St. Michael the Archangel,23,Boonville,54
2025-12-20,La Plata,48,Brookfield,26
2025-12-20,North Platte,44,Cameron,48
2025-12-20,Kennett,68,Central (New Madrid County),37
2025-12-20,St. Paul Lutheran (Concordia),38,Cole Camp,42
2025-12-20,East Carter,41,Dexter,35
2025-12-20,Greenville,24,Doniphan,72
2025-12-20,Maysville,41,East Buchanan,49
2025-12-20,Fatima,74,Eldon,61
2025-12-20,Cor Jesu Academy,57,Eureka,39
2025-12-20,Fordland,42,Greenfield with Golden City,40
2025-12-20,Northwestern (Mendon) with Keytesville,5,Grundy County with Newtown-Harris,58
2025-12-20,Pierce City,70,Halfway,40
2025-12-20,Naylor,61,Hayti,41
2025-12-20,Poplar Bluff,24,Hazelwood Central,53
2025-12-20,Northwest (Hughesville),70,Hermitage,38
2025-12-20,Lamar,53,Hollister,41
2025-12-20,Newburg,62,Houston,49
2025-12-20,New Bloomfield,19,Jamestown,75
2025-12-20,St. Joseph's Academy,71,John Burroughs,51
2025-12-20,Sacred Heart,46,Kingsville,28
2025-12-20,Faith Christian Academy,49,KIPP KC Legacy,35
2025-12-20,Trenton,33,Lexington,51
2025-12-20,Prairie Home,49,Lincoln,41
2025-12-20,Walnut Grove,66,Macks Creek,18
2025-12-20,Holcomb,26,Malden,54
2025-12-20,Spokane,38,Marionville,74
2025-12-20,Mid-Buchanan,51,Maryville,53
2025-12-20,Marquette,62,MICDS,64
2025-12-20,Principia,80,Nerinx Hall,31
2025-12-20,Weaubleau,41,Niangua,33
2025-12-20,Raytown South,20,North Kansas City,52
2025-12-20,Tuscumbia,58,Otterville,45
2025-12-20,Princeton,52,Polo,20
2025-12-20,Skyline,53,Russellville,45
2025-12-20,Warsaw,42,Santa Fe,34
2025-12-20,Bolivar,45,Smith-Cotton,34
2025-12-20,Rock Port,42,St. Joseph Christian,10
2025-12-20,Ursuline Academy,68,Troy Buchanan,52
2025-12-20,Portageville,58,Twin Rivers,26
2025-12-20,Liberty (Mountain View),36,Van-Far,55
2025-12-20,Notre Dame (St. Louis),61,Visitation Academy,37
2025-12-20,St. Elizabeth,60,Waynesville,48
2025-12-20,Capital City,34,Waynesville,71
2025-12-20,Greenwood,42,Wheatland,54
2025-12-22,Ash Grove,60,Appleton City,50
2025-12-22,Bunker,72,Ava,22
2025-12-22,Fort Osage,45,Benton,59
2025-12-22,Sparta,65,Billings with Hurley,31
2025-12-22,Halfway,17,Blue Eye,53
2025-12-22,Mark Twain,65,Bowling Green,23
2025-12-22,North Shelby,53,Brashear,41
2025-12-22,Clark County,26,Canton,57
2025-12-22,University Academy Charter,39,Center,13
2025-12-22,Kirksville,60,Central (Kansas City),13
2025-12-22,South Nodaway with Jefferson (Conception),34,Crest Ridge,50
2025-12-22,South Holt,35,DeKalb,52
2025-12-22,Salem,27,Dora,34
2025-12-22,William Chrisman,48,East Buchanan,51
2025-12-22,Walnut Grove,54,Fordland,25
2025-12-22,Chadwick,56,Gainesville,31
2025-12-22,Rock Port,55,Gallatin,20
2025-12-22,Tarkio with Fairfax,31,Gilman City with North Daviess,42
2025-12-22,Macks Creek,32,Greenfield with Golden City,51
2025-12-22,Neelyville,68,Greenville,52
2025-12-22,Van Buren,52,Hartville,36
2025-12-22,Lone Jack,47,Higbee,46
2025-12-22,Spokane,51,Hollister,54
2025-12-22,Licking,70,Houston,40
2025-12-22,La Monte,16,Jamestown,61
2025-12-22,Potosi,67,Jefferson (Festus),39
2025-12-22,Highland,49,Knox County,27
2025-12-22,West Nodaway with Nodaway-Holt,28,Lafayette County,47
2025-12-22,Marionville,53,Lamar,36
2025-12-22,St. Joseph Christian,24,Lawson,56
2025-12-22,Milan,36,Lexington,42
2025-12-22,Grandview,41,Lincoln College Prep,35
2025-12-22,East Carter,41,Malden,62
2025-12-22,Pierce City,60,Marion C. Early,58
2025-12-22,Glasgow,47,Maryville,50
2025-12-22,Neosho,20,McDonald County,68
2025-12-22,Harrisburg,66,Mexico,56
2025-12-22,Diamond,28,Monett,61
2025-12-22,Fair Grove,20,Norwood,54
2025-12-22,Tina-Avalon,36,Penney,34
2025-12-22,Kennett,52,Portageville,47
2025-12-22,Crane,33,Reeds Spring,35
2025-12-22,Charleston,54,Senath-Hornersville,36
2025-12-22,Rock Bridge,57,Smithville,41
2025-12-22,West Platte,47,Stanberry,54
2025-12-22,Central (New Madrid County),32,Twin Rivers,48
2025-12-22,Sturgeon,35,Van-Far,48
2025-12-22,Elsberry,27,Warrenton,37
2025-12-22,Scott City,45,Woodland,42
2025-12-23,Bunker,57,Alton,53
2025-12-23,University City,33,Alton,61
2025-12-23,Worth County,53,Braymer,36
2025-12-23,Stover,18,Carrollton,50
2025-12-23,Princeton,43,Crest Ridge,33
2025-12-23,Licking,44,Dixon,45
2025-12-23,Kennett,37,Doniphan,61
2025-12-23,Willow Springs,52,Dora,32
2025-12-23,Notre Dame (St. Louis),32,Ft. Zumwalt North,60
2025-12-23,Lutheran North,12,Ft. Zumwalt South,66
2025-12-23,Rock Port,58,Green City,52
2025-12-23,KIPP KC Legacy,29,Kirksville,71
2025-12-23,Hazelwood West,53,Lutheran St. Charles,74
2025-12-23,Van Buren,27,Mountain Grove,59
2025-12-23,Winston,53,Norborne,43
2025-12-23,Ewing Marion Kauffman,18,Salisbury,42
2025-12-23,Neelyville,40,Twin Rivers,49
2025-12-26,Dora,36,Alton,54
2025-12-26,South Iron,38,Arcadia Valley,74
2025-12-26,Norwood,59,Aurora,35
2025-12-26,Salem,54,Ava,40
2025-12-26,Cabool,26,Bakersfield,63
2025-12-26,Miller,62,Bolivar,48
2025-12-26,Glendale,56,Buffalo,22
2025-12-26,Willow Springs,46,Bunker,56
2025-12-26,Logan-Rogersville,62,Camdenton,31
2025-12-26,Lift for Life Academy Charter,42,Cardinal Ritter,64
2025-12-26,Nixa,54,Carthage,36
2025-12-26,Kirkwood,54,Clayton,28
2025-12-26,Skyline,52,Clever,48
2025-12-26,Mountain Grove,39,Dixon,57
2025-12-26,Parkway West,32,Eureka,52
2025-12-26,Strafford,67,Fair Grove,10
2025-12-26,Steelville,58,Festus,65
2025-12-26,Webb City,78,Fox,29
2025-12-26,Central (Park Hills),41,Fredericktown,35
2025-12-26,Ladue Horton Watkins,49,Ft. Zumwalt West,45
2025-12-26,Houston,49,Hartville,69
2025-12-26,Rolla,77,Hazelwood East,20
2025-12-26,Central (Springfield),19,Hillcrest,51
2025-12-26,St. Joseph's Academy,35,Incarnate Word Academy,80
2025-12-26,Visitation Academy,21,John Burroughs,55
2025-12-26,Parkway North,36,Lafayette (Wildwood),57
2025-12-26,Van Buren,35,Licking,49
2025-12-26,Raytown,20,Marquette,80
2025-12-26,Parkview,12,Marshfield,58
2025-12-26,Lebanon,37,Ozark,65
2025-12-26,Ste. Genevieve,23,Potosi,70
2025-12-26,Ursuline Academy,50,Principia,55
2025-12-26,Seneca,61,Purdy,49
2025-12-26,Sarcoxie,41,Reeds Spring,50
2025-12-26,Springfield Catholic,21,Republic,53
2025-12-26,Wheaton,17,Southwest (Washburn),54
2025-12-26,Greenwood,48,Thayer,77
2025-12-26,Nerinx Hall,28,Troy Buchanan,69
2025-12-26,St. Pius X (Festus),58,Waynesville,61
2025-12-26,Mt. Vernon,47,West Plains,89
2025-12-26,El Dorado Springs,43,Willard,50
2025-12-27,Licking,47,Alton,44
2025-12-27,Lamar,39,Appleton City,71
2025-12-27,Marionville,44,Ash Grove,47
2025-12-27,Parkview,19,Aurora,62
2025-12-27,Plato,17,Bakersfield,50
2025-12-27,Tipton,74,Benton,60
2025-12-27,Spokane,73,Billings with Hurley,62
2025-12-27,Valley Park,22,Bourbon,46
2025-12-27,Springfield Catholic,29,Buffalo,39
2025-12-27,Dixon,45,Bunker,52
2025-12-27,Bolivar,59,Camdenton,47
2025-12-27,Incarnate Word Academy,72,Cardinal Ritter,49
2025-12-27,Sarcoxie,34,Carthage,57
2025-12-27,Clever,61,Central (Springfield),19
2025-12-27,Helias Catholic,47,Centralia,66
2025-12-27,Lincoln,40,Concordia,52
2025-12-27,Ursuline Academy,40,Cor Jesu Academy,43
2025-12-27,Jefferson (Festus),70,Crystal City,66
2025-12-27,Ellington,49,DeSoto,50
2025-12-27,Fair Grove,48,El Dorado Springs,54
2025-12-27,Troy Buchanan,47,Eureka,40
2025-12-27,Rockwood Summit,34,Farmington,60
2025-12-27,Marion C. Early,35,Fordland,16
2025-12-27,Wheaton,24,Forsyth,48
2025-12-27,Hazelwood East,29,Fox,43
2025-12-27,Liberty (Wentzville),31,Francis Howell,56
2025-12-27,Whitfield,56,Francis Howell Central,46
2025-12-27,Lindbergh,41,Francis Howell North,52
2025-12-27,Steelville,61,Fredericktown,55
2025-12-27,Parkway North,52,Ft. Zumwalt West,49
2025-12-27,Mansfield,22,Gainesville,57
2025-12-27,Republic,47,Glendale,43
2025-12-27,Jennings,42,Grandview (Hillsboro),52
2025-12-27,La Monte,26,Green Ridge,47
2025-12-27,Blue Eye,27,Greenfield with Golden City,34
2025-12-27,Macks Creek,39,Halfway,59
2025-12-27,Capital City,31,Hickman,69
2025-12-27,Skyline,60,Hillcrest,66
2025-12-27,Sparta,53,Hollister,48
2025-12-27,North Point,59,Holt,22
2025-12-27,Parkway South,41,Jefferson City,78
2025-12-27,Visitation Academy,21,John Burroughs,55
2025-12-27,Thayer,45,Kickapoo,56
2025-12-27,Clearwater,73,Kingston,19
2025-12-27,MICDS,57,Kirkwood,48
2025-12-27,Lafayette (Wildwood),42,Ladue Horton Watkins,51
2025-12-27,Mt. Vernon,49,Lebanon,58
2025-12-27,Miller,53,Logan-Rogersville,63
2025-12-27,Waynesville,34,Marquette,70
2025-12-27,Norwood,57,Marshfield,62
2025-12-27,Willow Springs,45,Mountain Grove,47
2025-12-27,Bishop LeBlond,52,North Andrew,16
2025-12-27,Otterville,28,Northwest (Hughesville),61
2025-12-27,West Plains,66,Ozark,33
2025-12-27,Nerinx Hall,28,Parkway West,40
2025-12-27,Walnut Grove,52,Pierce City,36
2025-12-27,Webster Groves,55,Poplar Bluff,34
2025-12-27,St. Pius X (Festus),71,Raytown,17
2025-12-27,Nixa,63,Reeds Spring,22
2025-12-27,Webb City,61,Rolla,65
2025-12-27,Hartville,45,Salem,54
2025-12-27,West Nodaway with Nodaway-Holt,28,Savannah,63
2025-12-27,Ste. Genevieve,46,South Iron,53
2025-12-27,Sikeston,36,St. Charles West,55
2025-12-27,Lift for Life Academy Charter,71,St. Joseph's Academy,65
2025-12-27,St. Dominic,55,Timberland,12
2025-12-27,West County,71,Valley,19
2025-12-27,University Academy Charter,44,Warrensburg,29
2025-12-27,Strafford,59,Willard,56
2025-12-27,William Chrisman,46,Winnetonka,58
2025-12-28,Helias Catholic,48,Benton,70
2025-12-28,Tipton,47,Centralia,41
2025-12-28,Lift for Life Academy Charter,36,Cor Jesu Academy,50
2025-12-28,St. Pius X (Festus),68,Fox,54
2025-12-28,Raytown,61,Hazelwood East,52
2025-12-28,Principia,44,Incarnate Word Academy,71
2025-12-28,Hickman,45,Jefferson City,48
2025-12-28,Rolla,61,Marquette,71
2025-12-28,Visitation Academy,36,Nerinx Hall,49
2025-12-28,Capital City,41,Parkway South,58
2025-12-28,Ursuline Academy,55,St. Joseph's Academy,62
2025-12-28,John Burroughs,51,Troy Buchanan,71
2025-12-28,Webb City,71,Waynesville,50
2025-12-29,Lebanon,67,Aurora,50
2025-12-29,Clearwater,40,Bismarck,50
2025-12-29,El Dorado Springs,30,Buffalo,32
2025-12-29,Plato,54,Cabool,34
2025-12-29,Veritas Christian Academy,26,Calvary Lutheran,50
2025-12-29,Hallsville,16,Canton,60
2025-12-29,Smithville,52,Carl Junction,36
2025-12-29,Bolivar,46,Carthage,28
2025-12-29,Hickman,53,Centralia,59
2025-12-29,Windsor (Imperial),60,Charleston,57
2025-12-29,Greenwood,57,Clever,73
2025-12-29,Crocker,63,Climax Springs,9
2025-12-29,Kingston,19,Crystal City,61
2025-12-29,West County,31,Cuba,57
2025-12-29,North County,58,DeSoto,29
2025-12-29,Seneca,39,East Newton,44
2025-12-29,Valley,12,Ellington,67
2025-12-29,Webster Groves,48,Farmington,49
2025-12-29,Central (Park Hills),45,Festus,53
2025-12-29,Southwest (Washburn),43,Forsyth,44
2025-12-29,St. Pius X (Festus),68,Fox,54
2025-12-29,Francis Howell North,41,Francis Howell,63
2025-12-29,Sikeston,36,Francis Howell Central,65
2025-12-29,Ft. Zumwalt South,49,Ft. Zumwalt North,28
2025-12-29,Willard,53,Glendale,28
2025-12-29,Valley Park,47,Grandview (Hillsboro),18
2025-12-29,Stanberry,76,Hale with Bosworth,3
2025-12-29,South Shelby,54,Harrisburg,46
2025-12-29,Capital City,32,Helias Catholic,81
2025-12-29,Jefferson (Festus),21,Hillsboro,55
2025-12-29,Liberal,77,Hogan Prep Academy Charter,30
2025-12-29,Mansfield,21,Hollister,14
2025-12-29,Timberland,42,Holt,51
2025-12-29,Osceola,65,Humansville,13
2025-12-29,Tipton,65,Jefferson City,40
2025-12-29,Bourbon,41,Jennings,39
2025-12-29,Hillcrest,40,Kickapoo,53
2025-12-29,Liberty (Wentzville),50,Lindbergh,47
2025-12-29,Nixa,48,Logan-Rogersville,56
2025-12-29,Notre Dame (St. Louis),56,Lutheran North,49
2025-12-29,Montgomery County,43,Macon,40
2025-12-29,West Plains,42,Marshfield,51
2025-12-29,Mercer,40,Meadville,34
2025-12-29,St. Clair,57,Mexico,51
2025-12-29,Liberty (Mountain View),73,Niangua,28
2025-12-29,Tina-Avalon,33,North Harrison,55
2025-12-29,Plattsburg,40,Oak Grove,52
2025-12-29,Norwood,41,Ozark,38
2025-12-29,Benton,74,Parkway South,37
2025-12-29,Rockwood Summit,31,Poplar Bluff,40
2025-12-29,Arcadia Valley,69,Potosi,62
2025-12-29,Penney,41,Putnam County,50
2025-12-29,Miller,55,Reeds Spring,24
2025-12-29,Strafford,59,Republic,30
2025-12-29,North Andrew,10,Savannah,57
2025-12-29,Thayer,22,Skyline,57
2025-12-29,Duchesne,36,St. Charles,45
2025-12-29,Whitfield,45,St. Charles West,46
2025-12-29,North Point,40,St. Dominic,42
2025-12-29,Bishop LeBlond,47,West Nodaway with Nodaway-Holt,31
2025-12-30,Marion C. Early,39,Appleton City,48
2025-12-30,Walnut Grove,57,Ash Grove,53
2025-12-30,Gainesville,59,Bakersfield,31
2025-12-30,Higbee,51,Blair Oaks,44
2025-12-30,Clever,39,Bolivar,63
2025-12-30,Cainsville with Ridgeway,33,Brashear,52
2025-12-30,Lebanon,52,Buffalo,50
2025-12-30,Pleasant Hill,36,Carl Junction,56
2025-12-30,South Harrison,35,Chillicothe,43
2025-12-30,Ft. Zumwalt West,52,Clayton,35
2025-12-30,Jefferson (Festus),51,Clearwater,85
2025-12-30,Warsaw,19,Crocker,50
2025-12-30,Ellington,70,Crystal City,51
2025-12-30,West County,60,DeSoto,82
2025-12-30,Plattsburg,51,Drexel,14
2025-12-30,Lutheran North,43,Duchesne,39
2025-12-30,Forsyth,38,East Newton,58
2025-12-30,Webster Groves,48,Farmington,49
2025-12-30,Francis Howell,51,Farmington,37
2025-12-30,Holt,61,Francis Howell Central,74
2025-12-30,Webster Groves,49,Francis Howell North,43
2025-12-30,Bourbon,51,Grandview (Hillsboro),32
2025-12-30,Sparta,44,Greenfield with Golden City,40
2025-12-30,Rock Bridge,67,Hazelwood West,31
2025-12-30,La Plata,44,Highland,61
2025-12-30,Nixa,52,Hillcrest,49
2025-12-30,Bismarck,24,Hillsboro,49
2025-12-30,Osborn with Stewartsville,45,Hogan Prep Academy Charter,12
2025-12-30,Weaubleau,43,Humansville,28
2025-12-30,Valley Park,49,Jennings,32
2025-12-30,Logan-Rogersville,45,Kickapoo,56
2025-12-30,Kingsville,21,King City,46
2025-12-30,Valley,17,Kingston,35
2025-12-30,Lafayette (Wildwood),44,Kirkwood,53
2025-12-30,MICDS,75,Ladue Horton Watkins,37
2025-12-30,Liberal,14,Lafayette County,44
2025-12-30,Ewing Marion Kauffman,24,Lathrop,50
2025-12-30,Niangua,28,Liberty (Mountain View),73
2025-12-30,Rockwood Summit,45,Lindbergh,37
2025-12-30,Plato,39,Mansfield,31
2025-12-30,Pierce City,44,Marionville,62
2025-12-30,Strafford,78,Marshfield,49
2025-12-30,Charleston,53,Mexico,56
2025-12-30,Skyline,43,Miller,68
2025-12-30,Van-Far,37,Moberly,38
2025-12-30,West Nodaway with Nodaway-Holt,38,North Andrew,43
2025-12-30,Cuba,35,North County,47
2025-12-30,Liberty (Wentzville),47,Poplar Bluff,21
2025-12-30,Bishop LeBlond,24,Savannah,59
2025-12-30,Southwest (Washburn),54,Seneca,52
2025-12-30,Timberland,53,Sikeston,44
2025-12-30,Holt,53,Sikeston,44
2025-12-30,Notre Dame (St. Louis),36,St. Charles,44
2025-12-30,St. Dominic,46,St. Charles West,47
2025-12-30,Windsor (Imperial),29,St. Clair,59
2025-12-30,Chamois,19,Tipton,83
2025-12-30,Republic,50,West Plains,46
2025-12-30,Ft. Zumwalt East,21,Westminster Christian Academy,52
2025-12-30,Northeast (Cairo),44,Westran,30
2025-12-30,North Point,41,Whitfield,38
2025-12-30,Norwood,53,Willard,49
2025-12-31,Tri-County,20,Albany,54
2025-12-31,Cuba,36,Bismarck,42
2025-12-31,Slater with Malta Bend,13,Carrollton,55
2025-12-31,Warsaw,46,Climax Springs,23
2025-12-31,Clearwater,59,DeSoto,43
2025-12-31,Arcadia Valley,63,Festus,76
2025-12-31,Smithville,65,Hazelwood West,59
2025-12-31,North County,32,Hillsboro,42
2025-12-31,Neosho,33,Joplin,60
2025-12-31,Windsor (Imperial),32,Mexico,49
2025-12-31,Weaubleau,49,Osceola,74
2025-12-31,Southwest (Livingston County) with Breckenridge,17,Pattonsburg,43
2025-12-31,Central (Park Hills),32,Potosi,49
2025-12-31,Charleston,50,St. Clair,63
2025-12-31,South Iron,47,Steelville,61
2025-12-31,Jefferson (Festus),56,West County,62
2025-12-31,Republic,50,West Plains,46
2026-01-01,Humansville,20,Climax Springs,30
2026-01-01,Osceola,40,Crocker,69
2026-01-01,Weaubleau,40,Warsaw,57
2026-01-02,Bishop LeBlond,34,Adrian,36
2026-01-02,Montrose with Ballard,23,Appleton City,63
2026-01-02,Knox County,49,Bowling Green,21
2026-01-02,Chamois,10,Calvary Lutheran,75
2026-01-02,Ruskin,25,Center,49
2026-01-02,Hartville,44,Crane,56
2026-01-02,Lincoln,21,Crest Ridge,35
2026-01-02,Liberal,26,Diamond,51
2026-01-02,McDonald County,55,East Newton,27
2026-01-02,Russellville,73,Eldon,60
2026-01-02,Couch,67,Ellington,54
2026-01-02,Versailles,40,Eugene,54
2026-01-02,Chadwick,81,Everton,35
2026-01-02,Lutheran St. Charles,83,Father Tolton,58
2026-01-02,Blair Oaks,49,Fatima,47
2026-01-02,Troy Buchanan,96,Ft. Zumwalt East,10
2026-01-02,North Andrew,28,Higbee,56
2026-01-02,Climax Springs,45,Humansville,30
2026-01-02,Miami (Amoret),43,Lakeland,76
2026-01-02,Poplar Bluff,43,Lamar,36
2026-01-02,Macks Creek,39,Leeton,22
2026-01-02,Palmyra,40,Louisiana,44
2026-01-02,Fayette,56,Macon,51
2026-01-02,Rockwood Summit,23,Mehlville,38
2026-01-02,Atlanta,25,Milan,34
2026-01-02,Montgomery County,32,Miller,65
2026-01-02,Thomas Jefferson Independent Day,24,Monett,53
2026-01-02,Alton,66,Mountain Grove,57
2026-01-02,Parkway West,27,North Point,63
2026-01-02,Brashear,68,Northwestern (Mendon) with Keytesville,31
2026-01-02,Boonville,61,Odessa,49
2026-01-02,Union Star,39,Rock Port,61
2026-01-02,Marceline,68,Scotland County,51
2026-01-02,Saxony Lutheran,59,Scott County Central,43
2026-01-02,Kingsville,40,Slater with Malta Bend,56
2026-01-02,Wellsville-Middletown,24,South Callaway,52
2026-01-02,Mound City,54,South Nodaway with Jefferson (Conception),38
2026-01-02,North Shelby,33,South Shelby,58
2026-01-02,St. Vincent,51,St. Elizabeth,37
2026-01-02,Washington,27,St. Francis Borgia,50
2026-01-02,South Iron,57,Ste. Genevieve,50
2026-01-02,Belle,54,Steelville,41
2026-01-02,Pilot Grove,27,Stover,59
2026-01-02,Principia,69,Tipton,59
2026-01-02,Conway,33,Tuscumbia,38
2026-01-02,Stockton,51,Warsaw,35
2026-01-02,Republic,62,Waynesville,29
2026-01-02,Tarkio with Fairfax,46,West Nodaway with Nodaway-Holt,45
2026-01-02,Richland,28,Wheatland,40
2026-01-03,North Platte,30,Archie,37
2026-01-03,Lutheran (Kansas City),35,Calvary Lutheran,44
2026-01-03,Lawson,37,Central (St. Joseph),39
2026-01-03,Sherwood,58,Clinton,47
2026-01-03,Highland,48,Clopton,57
2026-01-03,Monroe City,41,Elsberry,24
2026-01-03,Marquette,57,Francis Howell Central,36
2026-01-03,School of the Ozarks,51,Galena,24
2026-01-03,Senath-Hornersville,48,Hayti,60
2026-01-03,Parkway Central,42,Hazelwood East,39
2026-01-03,Rock Bridge,72,Hazelwood West,51
2026-01-03,Grain Valley,45,Hickman,55
2026-01-03,STEAM Academy,42,Jefferson City,43
2026-01-03,Poplar Bluff,31,Joplin,44
2026-01-03,Bishop LeBlond,35,Lathrop,34
2026-01-03,Father Tolton,34,Logan-Rogersville,64
2026-01-03,Villa Duchesne,40,Lutheran South,49
2026-01-03,Kirksville,34,Marshall,20
2026-01-03,Battle,69,Mexico,47
2026-01-03,Hallsville,33,North Callaway,54
2026-01-03,Wheatland,51,Northwest (Hughesville),54
2026-01-03,Union,26,Oakville,56
2026-01-03,Capital City,35,Osage,69
2026-01-03,California,33,Principia,59
2026-01-03,Higbee,45,Richland,61
2026-01-03,Whitfield,41,St. Pius X (Festus),49
2026-01-03,Lift for Life Academy Charter,32,St. Teresa's Academy,52
2026-01-03,DeLaSalle Charter (KC),3,Summit Christian Academy,45
2026-01-03,St. Vincent,52,Tipton,64
2026-01-03,Bolivar,60,Warrensburg,40
2026-01-03,KIPP St. Louis Sr.,25,Westminster Christian Academy,62
2026-01-05,Clearwater,46,Arcadia Valley,69
2026-01-05,Cassville,68,Aurora,52
2026-01-05,Sparta,52,Ava,32
2026-01-05,Bourbon,24,Belle,60
2026-01-05,Crystal City,21,Bismarck,72
2026-01-05,Owensville,29,Blair Oaks,55
2026-01-05,Branson,55,Blue Eye,25
2026-01-05,Lincoln College Prep,38,Blue Springs,30
2026-01-05,Lathrop,55,Braymer,23
2026-01-05,Community,45,Brunswick,37
2026-01-05,Columbia Independent,32,Bucklin with Macon County,57
2026-01-05,Clever,45,Buffalo,30
2026-01-05,East Carter,35,Bunker,61
2026-01-05,Bloomfield with Richland (Essex),37,Campbell,40
2026-01-05,Portageville,49,Central (New Madrid County),37
2026-01-05,Carthage,47,Central (Springfield),35
2026-01-05,Ash Grove,40,Chadwick,52
2026-01-05,Troy Buchanan,26,Clopton,62
2026-01-05,Russellville,78,Cole Camp,49
2026-01-05,Plato,19,Dora,55
2026-01-05,Mark Twain,50,Elsberry,41
2026-01-05,El Dorado Springs,64,Fair Grove,44
2026-01-05,Central (Cape Girardeau),30,Farmington,67
2026-01-05,Washington,50,Ft. Zumwalt East,26
2026-01-05,Willow Springs,54,Gainesville,40
2026-01-05,Parkview,23,Glendale,69
2026-01-05,Lee's Summit North,37,Grain Valley,72
2026-01-05,Excelsior Springs,39,Grandview,75
2026-01-05,Dixon,56,Grandview (Hillsboro),11
2026-01-05,Lawson,57,Hardin-Central,27
2026-01-05,Hazelwood East,23,Hazelwood West,68
2026-01-05,Valley Park,42,Herculaneum,47
2026-01-05,Perryville,36,Hillsboro,58
2026-01-05,Eldon,53,Holden,44
2026-01-05,Licking,35,Iberia,63
2026-01-05,Festus,26,Jackson,62
2026-01-05,Sturgeon,19,Jamestown,56
2026-01-05,New Heights Christian,45,Jasper,47
2026-01-05,Willard,59,Kickapoo,80
2026-01-05,Versailles,34,Knob Noster,79
2026-01-05,Prairie Home,42,Leeton,20
2026-01-05,McAuley Catholic,36,Liberal,49
2026-01-05,Blue Springs South,34,Liberty North,52
2026-01-05,Winfield,39,Louisiana,40
2026-01-05,Marshall,35,Macon,56
2026-01-05,Norwood,55,Mansfield,22
2026-01-05,Crane,52,Marion C. Early,19
2026-01-05,Bolivar,58,Marionville,37
2026-01-05,Rock Bridge,76,Marshfield,43
2026-01-05,Seneca,32,Monett,62
2026-01-05,Alton,48,Neelyville,36
2026-01-05,Mt. Vernon,31,Nevada,45
2026-01-05,Christian Fellowship Sr.,28,New Franklin,60
2026-01-05,Webb City,40,Nixa,48
2026-01-05,Center,54,Northeast (Kansas City),7
2026-01-05,Montrose with Ballard,49,Northeast Vernon County with Rich Hill,21
2026-01-05,St. Pius X (Kansas City),47,Oak Park,61
2026-01-05,Plattsburg,47,Odessa,62
2026-01-05,Lutheran (Kansas City),50,Otterville,44
2026-01-05,Republic,39,Ozark,30
2026-01-05,Laquey,40,Pacific,32
2026-01-05,Highland,55,Palmyra,29
2026-01-05,Kearney,47,Park Hill,41
2026-01-05,Central (St. Joseph),16,Park Hill South,53
2026-01-05,North Kansas City,70,Platte County,22
2026-01-05,Doniphan,75,Puxico,21
2026-01-05,Ruskin,23,Raytown South,50
2026-01-05,Saxony Lutheran,53,Sikeston,55
2026-01-05,Duchesne,56,Silex,49
2026-01-05,Concordia,63,Smithton,21
2026-01-05,North Callaway,47,South Callaway,43
2026-01-05,Stockton,61,Southwest (Washburn),33
2026-01-05,STEAM Academy,39,St. Charles West,36
2026-01-05,Veritas Christian Academy,33,St. Clair,57
2026-01-05,Delta,37,St. Vincent,67
2026-01-05,Raymore-Peculiar,32,Staley,81
2026-01-05,Newburg,25,Steelville,45
2026-01-05,Stover,42,Stoutland,66
2026-01-05,Ft. Zumwalt North,37,Timberland,48
2026-01-05,Dexter,40,Twin Rivers,52
2026-01-05,New Haven,30,Union,38
2026-01-05,Richmond,49,Warrensburg,53
2026-01-05,Parkway North,42,Webster Groves,50
2026-01-05,Fayette,37,Westran,40
2026-01-05,Smithville,64,William Chrisman,31
2026-01-05,Albany,65,Winston,38
2026-01-05,Kelly,44,Woodland,56
2026-01-06,Drexel,38,Appleton City,55
2026-01-06,Green City,62,Atlanta,29
2026-01-06,Maplewood-Richmond Hts.,39,Bayless,34
2026-01-06,Exeter,61,Billings with Hurley,66
2026-01-06,Crystal City,52,Bishop DuBourg,43
2026-01-06,William Chrisman,27,Blue Springs,61
2026-01-06,Battle,48,Boonville,63
2026-01-06,Marion County,59,Brashear,46
2026-01-06,Norborne,35,Braymer,37
2026-01-06,Southwest (Washburn),70,Bronaugh,39
2026-01-06,Pilot Grove,31,Bunceton,38
2026-01-06,Hume,29,Butler,37
2026-01-06,Fatima,43,California,60
2026-01-06,Holcomb,40,Campbell,50
2026-01-06,Hickman,60,Capital City,23
2026-01-06,East Newton,42,Carl Junction,61
2026-01-06,Salisbury,24,Carrollton,46
2026-01-06,DeSoto,43,Central (Park Hills),60
2026-01-06,Harrisburg,32,Centralia,62
2026-01-06,Woodland,25,Chaffee,57
2026-01-06,La Monte,54,Chilhowee,44
2026-01-06,Northeast Vernon County with Rich Hill,47,Climax Springs,49
2026-01-06,Sacred Heart,36,Concordia,42
2026-01-06,Rosati-Kain,34,Confluence Prep Academy Charter with Grand Center Arts Charter,49
2026-01-06,MICDS,30,Cor Jesu Academy,45
2026-01-06,Van Buren,36,Couch,46
2026-01-06,Vienna,30,Cuba,48
2026-01-06,Wheatland,73,Dadeville,36
2026-01-06,Thayer,36,Doniphan,67
2026-01-06,Gallatin,32,East Buchanan,50
2026-01-06,East Carter,43,Ellington,47
2026-01-06,Cameron,51,Excelsior Springs,53
2026-01-06,Richland,44,Father Tolton,50
2026-01-06,Ft. Zumwalt West,20,Francis Howell Central,45
2026-01-06,Holt,43,Ft. Zumwalt South,53
2026-01-06,Mexico,74,Fulton,41
2026-01-06,Vashon,32,Gateway with Soldan International Studies,18
2026-01-06,Kingsville,19,Green Ridge,39
2026-01-06,Pleasant Hope,26,Greenwood,70
2026-01-06,Northwestern (Mendon) with Keytesville,42,Hale with Bosworth,23
2026-01-06,Moberly,59,Hallsville,36
2026-01-06,Winston,36,Hardin-Central,52
2026-01-06,Pattonville,34,Hazelwood Central,63
2026-01-06,Villa Duchesne,56,Hazelwood East,33
2026-01-06,Southern Boone,42,Hermann,61
2026-01-06,Humansville,40,Hermitage,36
2026-01-06,Tina-Avalon,24,Higbee,84
2026-01-06,Kingston,11,Jefferson (Festus),68
2026-01-06,Kelly,24,Kennett,76
2026-01-06,Albany,40,King City,29
2026-01-06,Barstow,62,KIPP KC Legacy,13
2026-01-06,Clark County,17,Kirksville,54
2026-01-06,STEAM Academy,57,Ladue Horton Watkins,47
2026-01-06,Rockwood Summit,26,Lafayette (Wildwood),51
2026-01-06,Wellington-Napoleon,41,Lafayette County,38
2026-01-06,Adrian,64,Lamar,59
2026-01-06,Grandview,33,Lee's Summit West,63
2026-01-06,Valle Catholic with St. Paul Lutheran (Farmington),49,Lesterville,29
2026-01-06,St. Paul Lutheran (Concordia),45,Lexington,43
2026-01-06,Sheldon,20,Liberal,37
2026-01-06,Warsaw,34,Lincoln,37
2026-01-06,Smithville,55,Lincoln College Prep,34
2026-01-06,Eureka,63,Lindbergh,38
2026-01-06,Blair Oaks,65,Linn,57
2026-01-06,Tri-County,54,Linn County,39
2026-01-06,John Burroughs,67,Lutheran North,44
2026-01-06,Meadville,26,Marceline,49
2026-01-06,West Platte,36,Maryville,63
2026-01-06,Trenton,27,Maysville,51
2026-01-06,Gateway Science Charter,23,McCluer,41
2026-01-06,Princeton,55,Mercer,38
2026-01-06,Penney,25,Mid-Buchanan,57
2026-01-06,Archie,51,Midway,17
2026-01-06,South Harrison,59,Milan,45
2026-01-06,Canton,42,Monroe City,40
2026-01-06,South Holt,30,Mound City,63
2026-01-06,Bakersfield,41,Mountain Grove,58
2026-01-06,Everton,54,Niangua,57
2026-01-06,Worth County,51,North Andrew,35
2026-01-06,Montgomery County,49,North Callaway,27
2026-01-06,Ste. Genevieve,27,North County,45
2026-01-06,Stanberry,54,North Harrison,25
2026-01-06,Novinger,22,North Shelby,64
2026-01-06,South Shelby,37,Northeast (Cairo),54
2026-01-06,St. Pius X (Festus),54,Notre Dame (Cape Girardeau),17
2026-01-06,Van Horn,35,Oak Grove,65
2026-01-06,Raytown South,28,Oak Park,74
2026-01-06,Westminster Christian Academy,38,Oakville,54
2026-01-06,North Point,50,Orchard Farm,31
2026-01-06,Santa Fe,56,Orrick,16
2026-01-06,Owensville,17,Osage,60
2026-01-06,Glasgow,52,Paris with Faith Walk,47
2026-01-06,Lutheran South,67,Parkway Central,24
2026-01-06,Visitation Academy,37,Parkway West,57
2026-01-06,St. Joseph Christian,62,Pattonsburg,27
2026-01-06,Lockwood,46,Pierce City,57
2026-01-06,Putnam County,42,Polo,40
2026-01-06,McAuley Catholic,52,Purdy,42
2026-01-06,Belton,56,Raytown,61
2026-01-06,North Nodaway,3,Rock Port,46
2026-01-06,St. Pius X (Kansas City),56,Ruskin,24
2026-01-06,Sullivan,61,Salem,48
2026-01-06,Fordland,37,School of the Ozarks,14
2026-01-06,La Plata,59,Schuyler County,43
2026-01-06,Oak Ridge,50,Scott County Central,66
2026-01-06,Northwest (Cedar Hill),31,Seckman,60
2026-01-06,South Pemiscot,56,Senath-Hornersville,57
2026-01-06,Walnut Grove,45,Skyline,60
2026-01-06,Smithton,29,Slater with Malta Bend,34
2026-01-06,Jefferson City,56,Smith-Cotton,38
2026-01-06,Bunker,72,South Iron,37
2026-01-06,Osborn with Stewartsville,19,South Nodaway with Jefferson (Conception),54
2026-01-06,Francis Howell North,47,St. Charles,53
2026-01-06,Incarnate Word Academy,81,St. Dominic,28
2026-01-06,Lone Jack,51,Summit Christian Academy,38
2026-01-06,Union Star,52,Tarkio with Fairfax,29
2026-01-06,Jasper,43,Thomas Jefferson Independent Day,31
2026-01-06,KIPP St. Louis Sr.,26,Union,44
2026-01-06,Ft. Zumwalt East,32,Warrenton,43
2026-01-06,Osceola,57,Weaubleau,44
2026-01-06,Madison,48,Wellsville-Middletown,46
2026-01-06,Northeast Nodaway,28,West Nodaway with Nodaway-Holt,39
2026-01-06,New Covenant Academy,52,Wheaton,35
2026-01-06,Miller Career Academy with Sumner,28,Whitfield,61
2026-01-07,Lutheran North,44,Bayless,18
2026-01-07,Northeast (Kansas City),4,Belton,65
2026-01-07,Columbia Independent,25,Bevier,30
2026-01-07,Christian Fellowship Sr.,37,Brunswick,57
2026-01-07,Prairie Home,63,Central (Kansas City),47
2026-01-07,Spokane,31,Chadwick,53
2026-01-07,Mark Twain,51,Clopton,78
2026-01-07,Versailles,33,Cole Camp,36
2026-01-07,Maplewood-Richmond Hts.,51,Collegiate School of Med-Bio Science,23
2026-01-07,New Franklin,50,Community,24
2026-01-07,Concordia,50,Crest Ridge,43
2026-01-07,Stoutland,36,Eldon,59
2026-01-07,Sturgeon,33,Fayette,48
2026-01-07,Reeds Spring,39,Forsyth,23
2026-01-07,Truman,42,Fort Osage,35
2026-01-07,Ft. Zumwalt West,41,Francis Howell,53
2026-01-07,Sikeston,59,Hayti,41
2026-01-07,Kirkwood,52,Hazelwood Central,48
2026-01-07,Ste. Genevieve,55,Herculaneum,35
2026-01-07,Stover,49,Holden,46
2026-01-07,Blue Eye,39,Hollister,43
2026-01-07,Clayton,18,John Burroughs,56
2026-01-07,Central (Springfield),18,Joplin,49
2026-01-07,Russellville,65,Knob Noster,60
2026-01-07,Archie,66,Lakeland,47
2026-01-07,Sparta,63,Lebanon,73
2026-01-07,Otterville,44,Leeton,4
2026-01-07,Duchesne,42,Louisiana,43
2026-01-07,North Platte,30,Maysville,36
2026-01-07,Van Horn,35,Oak Grove,65
2026-01-07,Marshall,30,Odessa,46
2026-01-07,East Buchanan,54,Osborn with Stewartsville,16
2026-01-07,Bucklin with Macon County,37,Paris with Faith Walk,41
2026-01-07,Webster Groves,46,Parkway West,21
2026-01-07,Liberty,56,Platte County,25
2026-01-07,Lutheran (Kansas City),47,Prairie Home,63
2026-01-07,Plattsburg,42,Savannah,62
2026-01-07,Winfield,44,Silex,54
2026-01-07,Parkway North,31,St. Charles,23
2026-01-07,Wright City,49,St. Clair,40
2026-01-07,Lawson,61,Trenton,25
2026-01-07,Affton,20,Visitation Academy,52
2026-01-07,St. Michael the Archangel,49,Warrensburg,23
2026-01-07,Jamestown,40,Westran,47
2026-01-08,Butler,47,Adrian,45
2026-01-08,Jefferson (Festus),56,Arcadia Valley,73
2026-01-08,Nevada,56,Aurora,40
2026-01-08,Rosati-Kain,21,Bishop DuBourg,46
2026-01-08,Oak Ridge,48,Bloomfield with Richland (Essex),53
2026-01-08,St. Pius X (Kansas City),35,Blue Springs,37
2026-01-08,Newburg,59,Bourbon,35
2026-01-08,Mexico,65,Bowling Green,33
2026-01-08,Scotland County,60,Brashear,27
2026-01-08,McAuley Catholic,41,Bronaugh,26
2026-01-08,Osage,72,Buffalo,46
2026-01-08,Southern Boone,28,California,58
2026-01-08,Charleston,60,Campbell,33
2026-01-08,Whitfield,40,Cardinal Ritter,70
2026-01-08,Northeast (Cairo),43,Carrollton,38
2026-01-08,Poplar Bluff,39,Central (Cape Girardeau),54
2026-01-08,Twin Rivers,53,Central (New Madrid County),51
2026-01-08,Lebanon,48,Chadwick,50
2026-01-08,Notre Dame (Cape Girardeau),34,Chaffee,59
2026-01-08,Kingsville,27,Chilhowee,50
2026-01-08,KIPP St. Louis Sr.,32,Collegiate School of Med-Bio Science,36
2026-01-08,New Haven,25,Cuba,35
2026-01-08,Winston,21,DeKalb,43
2026-01-08,Perryville,69,DeSoto,42
2026-01-08,Laquey,41,Dixon,58
2026-01-08,Van Buren,67,East Carter,39
2026-01-08,Warsaw,43,El Dorado Springs,53
2026-01-08,Clearwater,70,Ellington,54
2026-01-08,Lockwood,71,Everton,48
2026-01-08,Winnetonka,40,Excelsior Springs,43
2026-01-08,Galena,44,Exeter,68
2026-01-08,Licking,46,Fair Grove,43
2026-01-08,Dexter,21,Farmington,59
2026-01-08,Monroe City,43,Father Tolton,54
2026-01-08,Montgomery County,48,Fatima,52
2026-01-08,Ft. Zumwalt North,70,Festus,80
2026-01-08,Sarcoxie,44,Fordland,47
2026-01-08,Blue Eye,37,Forsyth,36
2026-01-08,Belton,34,Fort Osage,43
2026-01-08,North Point,37,Francis Howell,45
2026-01-08,Bismarck,57,Fredericktown,41
2026-01-08,Metro,60,Gateway with Soldan International Studies,20
2026-01-08,Marceline,56,Glasgow,51
2026-01-08,Raytown,28,Grandview,64
2026-01-08,Pacific,60,Grandview (Hillsboro),19
2026-01-08,La Monte,26,Green Ridge,55
2026-01-08,Puxico,44,Greenville,52
2026-01-08,McCluer,18,Hazelwood East,39
2026-01-08,Marshfield,54,Hickman,31
2026-01-08,Hale with Bosworth,10,Higbee,82
2026-01-08,Windsor (Imperial),15,Hillsboro,60
2026-01-08,Reeds Spring,53,Hollister,36
2026-01-08,Willow Springs,53,Houston,29
2026-01-08,Drexel,26,Hume,56
2026-01-08,Vienna,46,Iberia,64
2026-01-08,STEAM Academy,70,Jennings,32
2026-01-08,Saxony Lutheran,51,Kelly,35
2026-01-08,Herculaneum,56,Kingston,30
2026-01-08,Raymore-Peculiar,38,Lee's Summit West,79
2026-01-08,Potosi,59,Lesterville,31
2026-01-08,Mountain Grove,65,Liberty (Mountain View),57
2026-01-08,Staley,70,Liberty North,43
2026-01-08,Raytown South,24,Lincoln College Prep,55
2026-01-08,Helias Catholic,57,Logan-Rogersville,67
2026-01-08,Kennett,54,Malden,36
2026-01-08,Jasper,41,Marion C. Early,46
2026-01-08,Crane,40,Marionville,50
2026-01-08,Lafayette (St. Joseph),44,Maryville,25
2026-01-08,Riverview Gardens,23,McCluer North,53
2026-01-08,Seckman,52,Mehlville,34
2026-01-08,Pattonsburg,26,Mercer,41
2026-01-08,Boonville,80,Moberly,45
2026-01-08,Monett,51,Mt. Vernon,57
2026-01-08,Neelyville,55,Naylor,39
2026-01-08,Purdy,22,New Heights Christian,59
2026-01-08,Humansville,29,Niangua,32
2026-01-08,New Bloomfield,22,North Callaway,57
2026-01-08,Gilman City with North Daviess,51,North Harrison,34
2026-01-08,Atlanta,18,North Shelby,54
2026-01-08,Sherwood,52,Northeast Vernon County with Rich Hill,43
2026-01-08,Hazelwood Central,58,Northwest (Cedar Hill),25
2026-01-08,Dora,22,Norwood,62
2026-01-08,Affton,9,Notre Dame (St. Louis),74
2026-01-08,University Academy Charter,40,Notre Dame de Sion,45
2026-01-08,Center,18,Oak Grove,49
2026-01-08,Smithville,56,Oak Park,77
2026-01-08,Lafayette (Wildwood),44,Oakville,37
2026-01-08,Clinton,25,Odessa,62
2026-01-08,Meadville,47,Paris with Faith Walk,52
2026-01-08,Park Hill South,39,Park Hill,27
2026-01-08,Kickapoo,94,Parkview,11
2026-01-08,Hazelwood West,50,Parkway North,61
2026-01-08,Brookfield,45,Penney,39
2026-01-08,Halfway,39,Pleasant Hope,30
2026-01-08,Nixa,43,Republic,60
2026-01-08,Plato,14,Richland,70
2026-01-08,Hillcrest,50,Rolla,59
2026-01-08,Ava,38,Salem,54
2026-01-08,South Shelby,60,Salisbury,34
2026-01-08,Lexington,48,Santa Fe,42
2026-01-08,Delta,68,Scott County Central,37
2026-01-08,Holcomb,37,Senath-Hornersville,43
2026-01-08,Hermitage,40,Sheldon,48
2026-01-08,Stockton,36,Skyline,69
2026-01-08,Portageville,61,South Pemiscot,17
2026-01-08,Polo,49,Southwest (Livingston County) with Breckenridge,17
2026-01-08,Spokane,48,Sparta,61
2026-01-08,Blair Oaks,42,St. Elizabeth,61
2026-01-08,Hermann,45,St. Francis Borgia,60
2026-01-08,Scott City,15,St. Pius X (Festus),69
2026-01-08,Belle,46,Steelville,32
2026-01-08,Crocker,57,Sullivan,42
2026-01-08,Cabool,25,Thayer,73
2026-01-08,Orchard Farm,55,Timberland,38
2026-01-08,Kearney,59,Truman,28
2026-01-08,Waynesville,47,Webb City,57
2026-01-08,Northwest (Hughesville),45,Wellington-Napoleon,41
2026-01-08,Central (Park Hills),49,West County,45
2026-01-08,Weaubleau,32,Wheatland,49
2026-01-08,Pierce City,66,Wheaton,25
2026-01-08,Ozark,54,Willard,58
2026-01-08,St. Vincent,71,Woodland,37
2026-01-09,St. Joseph Christian,23,Albany,63
2026-01-09,Osceola,37,Archie,52
2026-01-09,Scotland County,84,Atlanta,25
2026-01-09,Ewing Marion Kauffman,18,Barstow,63
2026-01-09,Affton,27,Bayless,37
2026-01-09,Wellsville-Middletown,22,Bevier,36
2026-01-09,Senath-Hornersville,33,Bloomfield with Richland (Essex),57
2026-01-09,Grundy County with Newtown-Harris,56,Braymer,22
2026-01-09,Gallatin,32,Brookfield,27
2026-01-09,Fayette,43,Brunswick,30
2026-01-09,Madison,21,Bucklin with Macon County,57
2026-01-09,Schuyler County,28,Canton,58
2026-01-09,Glendale,45,Carthage,14
2026-01-09,Liberty,55,Central (St. Joseph),27
2026-01-09,Otterville,49,Chilhowee,39
2026-01-09,Bishop LeBlond,26,Chillicothe,64
2026-01-09,Lindbergh,51,Clayton,33
2026-01-09,South Iron,52,Clearwater,61
2026-01-09,Stover,35,Cole Camp,47
2026-01-09,Jamestown,46,Community,43
2026-01-09,Believe Acad Charter,6,Confluence Prep Academy Charter with Grand Center Arts Charter,70
2026-01-09,Lone Jack,49,Crest Ridge,35
2026-01-09,Hermitage,53,Dadeville,76
2026-01-09,Scott City,46,DeSoto,37
2026-01-09,Tipton,66,Doniphan,34
2026-01-09,Lakeland,53,Drexel,47
2026-01-09,Plattsburg,45,East Buchanan,46
2026-01-09,Silex,46,Elsberry,51
2026-01-09,New Bloomfield,23,Eugene,64
2026-01-09,Marquette,61,Eureka,48
2026-01-09,School of the Ozarks,57,Exeter,48
2026-01-09,Northland Christian,45,Faith Christian Academy,35
2026-01-09,University City,66,Fox,41
2026-01-09,Troy Buchanan,60,Francis Howell Central,45
2026-01-09,Ft. Zumwalt East,38,Ft. Zumwalt North,66
2026-01-09,Osage,69,Fulton,27
2026-01-09,North Shelby,62,Green City,53
2026-01-09,Hume,41,Greenfield with Golden City,51
2026-01-09,Maplewood-Richmond Hts.,59,Hancock,12
2026-01-09,Marshall,21,Hannibal,44
2026-01-09,Mansfield,31,Hartville,61
2026-01-09,Versailles,37,Holden,45
2026-01-09,Miami (Amoret),31,Humansville,47
2026-01-09,St. Teresa's Academy,23,Incarnate Word Academy,65
2026-01-09,Festus,73,Jefferson (Festus),35
2026-01-09,Princeton,31,King City,23
2026-01-09,Leeton,12,Kingsville,50
2026-01-09,Linn County,33,La Plata,68
2026-01-09,Clinton,33,Lafayette County,50
2026-01-09,Carl Junction,54,Lamar,45
2026-01-09,Lathrop,56,Lawson,62
2026-01-09,Ellington,53,Lesterville,22
2026-01-09,Midway,17,Liberal,37
2026-01-09,Timberland,66,Liberty (Mountain View),46
2026-01-09,Francis Howell North,57,Liberty (Wentzville),46
2026-01-09,Wheatland,36,Lincoln,31
2026-01-09,Crocker,50,Linn,60
2026-01-09,Clopton,64,Louisiana,37
2026-01-09,Walnut Grove,71,Macks Creek,47
2026-01-09,South Pemiscot,22,Malden,60
2026-01-09,Ash Grove,60,Marion C. Early,43
2026-01-09,Novinger,43,Marion County,74
2026-01-09,Duchesne,43,Mark Twain,52
2026-01-09,Cassville,45,McDonald County,57
2026-01-09,Cainsville with Ridgeway,21,Mercer,51
2026-01-09,Lutheran North,40,MICDS,69
2026-01-09,Harrisburg,68,Moberly,24
2026-01-09,Bronaugh,23,Montrose with Ballard,38
2026-01-09,Billings with Hurley,38,New Covenant Academy,40
2026-01-09,Orrick,12,Norborne,49
2026-01-09,Pattonsburg,22,North Andrew,44
2026-01-09,DeKalb,41,North Nodaway,23
2026-01-09,Rock Port,56,Northeast Nodaway,30
2026-01-09,Southwest (Livingston County) with Breckenridge,29,Northwestern (Mendon) with Keytesville,50
2026-01-09,St. Paul Lutheran (Concordia),24,Odessa,58
2026-01-09,Lee's Summit North,33,Parkway South,54
2026-01-09,Van Horn,51,Paseo Academy,5
2026-01-09,Thomas Jefferson Independent Day,26,Pierce City,76
2026-01-09,Smithton,23,Pilot Grove,39
2026-01-09,Grain Valley,57,Platte County,24
2026-01-09,Richmond,55,Pleasant Hill,68
2026-01-09,Arcadia Valley,43,Potosi,53
2026-01-09,Milan,44,Putnam County,69
2026-01-09,Ritenour,28,Riverview Gardens,55
2026-01-09,Ladue Horton Watkins,55,Rockwood Summit,31
2026-01-09,Slater with Malta Bend,21,Sacred Heart,40
2026-01-09,Southwest (Washburn),57,Sarcoxie,50
2026-01-09,Cameron,35,Savannah,74
2026-01-09,New Heights Christian,51,Seneca,39
2026-01-09,South Nodaway with Jefferson (Conception),46,South Holt,23
2026-01-09,Holt,44,St. Charles,47
2026-01-09,Hogan Prep Academy Charter,20,St. Michael the Archangel,69
2026-01-09,Summit Christian Academy,30,St. Pius X (Kansas City),66
2026-01-09,Christian Fellowship Sr.,39,Sturgeon,28
2026-01-09,Hardin-Central,54,Tina-Avalon,42
2026-01-09,Gilman City with North Daviess,47,Tri-County,27
2026-01-09,Calvary Lutheran,53,Tuscumbia,31
2026-01-09,Mound City,52,Union Star,35
2026-01-09,St. Charles West,43,Warrenton,24
2026-01-09,Ft. Zumwalt South,44,Washington,30
2026-01-09,Kirkwood,37,Webster Groves,27
2026-01-09,Principia,78,West Plains,54
2026-01-09,North Platte,51,West Platte,39
2026-01-09,New Franklin,35,Westran,45
2026-01-09,Concordia,51,Windsor,29
2026-01-09,Stanberry,35,Worth County,36
2026-01-09,Veritas Christian Academy,42,Wright City,45
2026-01-10,Bunker,69,Alton,28
2026-01-10,Liberty (Mountain View),16,Bakersfield,53
2026-01-10,Dixon,43,Belle,40
2026-01-10,Sparta,39,Blue Eye,42
2026-01-10,Eugene,67,Bunceton,40
2026-01-10,Tuscumbia,60,Bunceton,35
2026-01-10,Glasgow,38,Carrollton,32
2026-01-10,Chaffee,74,Central (Cape Girardeau),55
2026-01-10,MICDS,36,Centralia,67
2026-01-10,Gainesville,49,Couch,36
2026-01-10,Russellville,51,Eldon,62
2026-01-10,Calvary Lutheran,43,Eugene,45
2026-01-10,Spokane,55,Forsyth,43
2026-01-10,Bourbon,53,Grandview (Hillsboro),39
2026-01-10,Prairie Home,43,Green Ridge,54
2026-01-10,KIPP St. Louis Sr.,26,Hazelwood East,37
2026-01-10,Lebanon,50,Hollister,59
2026-01-10,Highland,55,Kirksville,44
2026-01-10,Stoutland,69,Knob Noster,62
2026-01-10,Lutheran (Kansas City),64,La Monte,49
2026-01-10,Lift for Life Academy Charter,54,Lee's Summit,74
2026-01-10,Lift for Life Academy Charter,56,Lee's Summit West,72
2026-01-10,Northeast (Cairo),44,Marceline,38
2026-01-10,Osborn with Stewartsville,30,Maysville,46
2026-01-10,Salisbury,29,Meadville,33
2026-01-10,Skyline,46,Nevada,49
2026-01-10,Tuscumbia,47,New Bloomfield,14
2026-01-10,Pacific,35,Newburg,33
2026-01-10,Lutheran South,62,Oakville,54
2026-01-10,South Shelby,39,Paris with Faith Walk,59
2026-01-10,Westminster Christian Academy,45,Parkway Central,43
2026-01-10,St. Vincent,60,Portageville,47
2026-01-10,Chadwick,41,Reeds Spring,42
2026-01-10,Delta,110,Senath-Hornersville,27
2026-01-10,Lee's Summit North,36,St. Joseph's Academy,59
2026-01-10,Laquey,60,Steelville,69
2026-01-10,Villa Duchesne,36,Union,42
2026-01-11,MICDS,36,Centralia,67
2026-01-11,Father Tolton,65,Harrisburg,58
2026-01-11,Troy Buchanan,58,Hickman,50
2026-01-11,Liberty North,68,Rock Bridge,65
2026-01-12,Brentwood,63,Affton,14
2026-01-12,Bakersfield,23,Alton,43
2026-01-12,Blue Eye,33,Ash Grove,55
2026-01-12,Conway,22,Belle,68
2026-01-12,Pleasant Hill,63,Belton,47
2026-01-12,St. Teresa's Academy,48,Benton,50
2026-01-12,Lee's Summit West,65,Blue Springs South,16
2026-01-12,Central (Springfield),19,Bolivar,57
2026-01-12,St. James,30,Boonville,78
2026-01-12,Valley,18,Bourbon,48
2026-01-12,Aurora,46,Branson,61
2026-01-12,Cainsville with Ridgeway,38,Braymer,35
2026-01-12,Northwestern (Mendon) with Keytesville,16,Brunswick,69
2026-01-12,Lincoln,34,Bunceton,47
2026-01-12,Washington,42,Bunker,50
2026-01-12,Ava,52,Cabool,34
2026-01-12,Excelsior Springs,51,Cameron,32
2026-01-12,Joplin,30,Carl Junction,59
2026-01-12,Summit Christian Academy,38,Center,30
2026-01-12,Smithville,37,Central (St. Joseph),32
2026-01-12,Scott County Central,49,Charleston,63
2026-01-12,Lathrop,30,Chillicothe,51
2026-01-12,Concordia,34,Cole Camp,43
2026-01-12,Eugene,26,Crocker,57
2026-01-12,Jasper,43,Dadeville,46
2026-01-12,Winston,22,DeKalb,51
2026-01-12,Liberal,38,Diamond,56
2026-01-12,East Carter,29,Doniphan,70
2026-01-12,Gainesville,48,Dora,47
2026-01-12,Lamar,45,East Newton,37
2026-01-12,Mt. Vernon,47,El Dorado Springs,28
2026-01-12,Southern Boone,52,Eldon,35
2026-01-12,Van-Far,33,Elsberry,40
2026-01-12,Billings with Hurley,38,Fair Play,42
2026-01-12,Battle,44,Father Tolton,38
2026-01-12,Riverview Gardens,30,Francis Howell North,72
2026-01-12,West County,70,Grandview (Hillsboro),23
2026-01-12,Novinger,31,Green City,62
2026-01-12,Everton,25,Greenfield with Golden City,57
2026-01-12,Norborne,33,Hardin-Central,41
2026-01-12,Liberty (Wentzville),54,Hazelwood East,17
2026-01-12,Vienna,45,Hermann,53
2026-01-12,Camdenton,46,Hillcrest,71
2026-01-12,Portageville,74,Holcomb,23
2026-01-12,Lexington,57,Holden,31
2026-01-12,Salem,58,Houston,45
2026-01-12,Dixon,53,Iberia,44
2026-01-12,Farmington,25,Jackson,76
2026-01-12,St. Teresa's Academy,63,Kearney,42
2026-01-12,Central (Cape Girardeau),55,Kelly,46
2026-01-12,Dexter,27,Kennett,59
2026-01-12,Lafayette County,39,Knob Noster,53
2026-01-12,Park Hill,33,Lafayette (St. Joseph),45
2026-01-12,Osceola,63,Lakeland,39
2026-01-12,Richland,50,Laquey,54
2026-01-12,Winnetonka,27,Lee's Summit,65
2026-01-12,Fredericktown,59,Lesterville,23
2026-01-12,Benton,55,Liberty,44
2026-01-12,Bronaugh,26,Lockwood,74
2026-01-12,Rolla,36,Logan-Rogersville,52
2026-01-12,Stoutland,66,Macks Creek,49
2026-01-12,Hallsville,28,Macon,51
2026-01-12,Linn County,65,Madison,54
2026-01-12,Fordland,51,Mansfield,26
2026-01-12,Jennings,31,Maplewood-Richmond Hts.,27
2026-01-12,Pleasant Hope,45,Marion C. Early,66
2026-01-12,Silex,42,Mark Twain,45
2026-01-12,Glendale,36,Marshfield,58
2026-01-12,Osborn with Stewartsville,20,Maysville,37
2026-01-12,Parkway North,77,McCluer,15
2026-01-12,Warrenton,56,McCluer North,22
2026-01-12,Notre Dame (St. Louis),38,Mehlville,49
2026-01-12,South Harrison,56,Mercer,29
2026-01-12,Timberland,52,Moberly,32
2026-01-12,Hannibal,24,Monroe City,50
2026-01-12,Sherwood,24,Montrose with Ballard,36
2026-01-12,Russellville,73,New Bloomfield,17
2026-01-12,Niangua,37,Newburg,57
2026-01-12,Carthage,32,Nixa,69
2026-01-12,Stanberry,45,North Andrew,37
2026-01-12,Blair Oaks,50,North Callaway,39
2026-01-12,Raytown South,14,North Kansas City,87
2026-01-12,St. Teresa's Academy,45,North Kansas City,44
2026-01-12,Worth County,49,North Nodaway,22
2026-01-12,Hillsboro,59,Northwest (Cedar Hill),13
2026-01-12,Pembroke Hill,35,Notre Dame de Sion,43
2026-01-12,Puxico,62,Oak Ridge,56
2026-01-12,Jamestown,31,Otterville,23
2026-01-12,Crystal City,41,Pacific,52
2026-01-12,Grandview,49,Park Hill South,63
2026-01-12,Pattonville,43,Parkway Central,65
2026-01-12,Guadalupe Centers Charter,23,Paseo Academy,33
2026-01-12,Union Star,46,Pattonsburg,39
2026-01-12,Herculaneum,24,Perryville,66
2026-01-12,Fayette,58,Pilot Grove,23
2026-01-12,Truman,38,Platte County,53
2026-01-12,Polo,20,Plattsburg,52
2026-01-12,Steelville,36,Potosi,48
2026-01-12,Lee's Summit North,24,Raymore-Peculiar,60
2026-01-12,William Chrisman,68,Raytown,28
2026-01-12,Parkview,26,Reeds Spring,44
2026-01-12,West Platte,40,Richmond,45
2026-01-12,South Holt,26,Rock Port,57
2026-01-12,Miller,81,Sarcoxie,27
2026-01-12,Delta,83,Scott City,36
2026-01-12,Exeter,20,Seneca,60
2026-01-12,Central (New Madrid County),44,Sikeston,56
2026-01-12,Montgomery County,52,South Callaway,24
2026-01-12,Campbell,40,South Pemiscot,34
2026-01-12,Greenwood,64,Spokane,53
2026-01-12,Monett,45,Springfield Catholic,39
2026-01-12,Duchesne,62,St. Charles,55
2026-01-12,Nerinx Hall,31,St. Pius X (Festus),47
2026-01-12,Jefferson (Festus),54,Ste. Genevieve,50
2026-01-12,Lutheran North,27,STEAM Academy,65
2026-01-12,West Nodaway with Nodaway-Holt,49,Tarkio with Fairfax,52
2026-01-12,Mountain Grove,62,Thayer,80
2026-01-12,Milan,39,Trenton,32
2026-01-12,Malden,45,Twin Rivers,50
2026-01-12,St. Francis Borgia,55,Union,29
2026-01-12,Central (Park Hills),52,Valle Catholic with St. Paul Lutheran (Farmington),27
2026-01-12,North Platte,49,Van Horn,45
2026-01-12,Winfield,43,Veritas Christian Academy,30
2026-01-12,School of the Ozarks,59,Verona,65
2026-01-12,California,46,Warrensburg,31
2026-01-12,Marion County,58,Wellsville-Middletown,17
2026-01-12,Republic,56,West Plains,67
2026-01-12,Liberty (Mountain View),48,Willow Springs,67
2026-01-12,Fox,50,Windsor (Imperial),33
2026-01-13,Northeast Nodaway,26,Albany,53
2026-01-13,Miami (Amoret),26,Appleton City,65
2026-01-13,Spokane,40,Ash Grove,67
2026-01-13,La Plata,53,Atlanta,26
2026-01-13,Archie,30,Barstow,43
2026-01-13,Hancock,6,Bayless,45
2026-01-13,Stoutland,73,Belle,68
2026-01-13,Meadville,57,Bevier,18
2026-01-13,Parkview,48,Billings with Hurley,57
2026-01-13,North Harrison,48,Braymer,20
2026-01-13,Koshkonong,58,Cabool,61
2026-01-13,Portageville,60,Campbell,38
2026-01-13,Linn,48,Capital City,39
2026-01-13,Center,51,Central (Kansas City),27
2026-01-13,Oak Ridge,49,Chaffee,83
2026-01-13,Weaubleau,58,Chilhowee,44
2026-01-13,Rock Bridge,59,Christian Fellowship Sr.,47
2026-01-13,Neelyville,75,Clearwater,42
2026-01-13,Wheatland,54,Clinton,18
2026-01-13,Northwest (Hughesville),44,Cole Camp,34
2026-01-13,Metro,42,Collegiate School of Med-Bio Science,40
2026-01-13,Macks Creek,37,Conway,32
2026-01-13,Kingston,38,Crystal City,68
2026-01-13,Valley,10,Ellington,63
2026-01-13,New Covenant Academy,51,Exeter,32
2026-01-13,Sparta,38,Fair Grove,48
2026-01-13,Northwest (Cedar Hill),38,Fox,69
2026-01-13,John Burroughs,60,Ft. Zumwalt East,14
2026-01-13,Ft. Zumwalt West,48,Ft. Zumwalt North,42
2026-01-13,North Point,33,Ft. Zumwalt South,29
2026-01-13,Verona,57,Galena,46
2026-01-13,Hale with Bosworth,29,Gilman City with North Daviess,76
2026-01-13,Smithton,15,Green Ridge,52
2026-01-13,Centralia,71,Hannibal,31
2026-01-13,Macon,34,Harrisburg,60
2026-01-13,Nevada,46,Harrisonville,39
2026-01-13,Newburg,40,Hartville,50
2026-01-13,Climax Springs,57,Hermitage,36
2026-01-13,Canton,30,Highland,66
2026-01-13,East Prairie,16,Holcomb,58
2026-01-13,Lakeland,44,Hume,59
2026-01-13,St. Elizabeth,50,Jamestown,48
2026-01-13,New Haven,14,Jefferson City,63
2026-01-13,Ladue Horton Watkins,89,Jennings,32
2026-01-13,Valle Catholic with St. Paul Lutheran (Farmington),49,Kelly,53
2026-01-13,South Nodaway with Jefferson (Conception),30,King City,37
2026-01-13,Palmyra,34,Kirksville,56
2026-01-13,Seckman,52,Kirkwood,43
2026-01-13,Sacred Heart,53,La Monte,44
2026-01-13,Webster Groves,46,Lafayette (Wildwood),51
2026-01-13,Gallatin,29,Lawson,58
2026-01-13,Otterville,36,Lincoln,29
2026-01-13,Wright City,30,Louisiana,60
2026-01-13,Community,60,Madison,42
2026-01-13,Bucklin with Macon County,30,Marion County,56
2026-01-13,Parkway West,21,Marquette,63
2026-01-13,Pleasant Hill,60,Marshall,33
2026-01-13,East Buchanan,25,Maryville,73
2026-01-13,Sheldon,36,McAuley Catholic,33
2026-01-13,Tri-County,33,Mercer,40
2026-01-13,Bishop LeBlond,37,Mid-Buchanan,34
2026-01-13,West Nodaway with Nodaway-Holt,22,Mound City,35
2026-01-13,Lamar,66,Neosho,47
2026-01-13,Glasgow,35,New Franklin,43
2026-01-13,Notre Dame de Sion,40,Oak Grove,46
2026-01-13,Penney,30,Odessa,67
2026-01-13,Hardin-Central,52,Orrick,23
2026-01-13,Lutheran South,53,Owensville,15
2026-01-13,New Heights Christian,48,Pierce City,75
2026-01-13,Slater with Malta Bend,42,Pilot Grove,33
2026-01-13,Chamois,14,Prairie Home,58
2026-01-13,Grundy County with Newtown-Harris,32,Princeton,45
2026-01-13,Brookfield,45,Putnam County,44
2026-01-13,Parkway North,37,Rockwood Summit,42
2026-01-13,Paris with Faith Walk,47,Salisbury,32
2026-01-13,North Shelby,60,Schuyler County,48
2026-01-13,Westran,37,Scotland County,39
2026-01-13,Sikeston,67,Scott County Central,52
2026-01-13,Malden,78,Senath-Hornersville,37
2026-01-13,Hayti,47,South Pemiscot,33
2026-01-13,Brunswick,69,Southwest (Livingston County) with Breckenridge,16
2026-01-13,Thomas Jefferson Independent Day,24,Southwest (Washburn),54
2026-01-13,Orchard Farm,43,St. Charles West,66
2026-01-13,Cor Jesu Academy,43,St. Joseph's Academy,34
2026-01-13,Lone Jack,58,St. Paul Lutheran (Concordia),21
2026-01-13,Marionville,58,Stockton,32
2026-01-13,Windsor,41,Stover,68
2026-01-13,Northeast (Cairo),66,Sturgeon,23
2026-01-13,Jefferson (Festus),37,Sullivan,54
2026-01-13,Hogan Prep Academy Charter,21,Summit Christian Academy,43
2026-01-13,Wellington-Napoleon,45,Sweet Springs,31
2026-01-13,Francis Howell,54,Troy Buchanan,64
2026-01-13,Bunceton,37,Tuscumbia,53
2026-01-13,Norwood,64,Twin Rivers,34
2026-01-13,MICDS,50,Ursuline Academy,63
2026-01-13,South Iron,62,Van Buren,66
2026-01-13,South Shelby,46,Van-Far,35
2026-01-13,Adrian,52,Versailles,31
2026-01-13,Nerinx Hall,40,Villa Duchesne,29
2026-01-13,St. Dominic,58,Visitation Academy,21
2026-01-13,Buffalo,52,Warsaw,32
2026-01-14,Grandview (Hillsboro),25,Arcadia Valley,82
2026-01-14,Villa Duchesne,33,Bayless,28
2026-01-14,Marshall,42,Belton,31
2026-01-14,St. Teresa's Academy,48,Benton,50
2026-01-14,Montgomery County,47,Blair Oaks,54
2026-01-14,Woodland,45,Bloomfield with Richland (Essex),34
2026-01-14,California,52,Boonville,65
2026-01-14,Fulton,40,Bowling Green,34
2026-01-14,Jasper,61,Bronaugh,26
2026-01-14,North Harrison,62,Cainsville with Ridgeway,32
2026-01-14,Gallatin,28,Cameron,51
2026-01-14,Marion C. Early,38,Chadwick,50
2026-01-14,North Platte,28,Chillicothe,54
2026-01-14,Silex,33,Clopton,63
2026-01-14,Affton,14,Collegiate School of Med-Bio Science,50
2026-01-14,Maysville,27,DeKalb,36
2026-01-14,Liberal,58,Everton,57
2026-01-14,Timberland,49,Francis Howell North,45
2026-01-14,McCluer,44,Gateway with Soldan International Studies,9
2026-01-14,Milan,47,Green City,39
2026-01-14,Diamond,37,Greenfield with Golden City,45
2026-01-14,Puxico,54,Greenville,60
2026-01-14,Knob Noster,60,Harrisonville,56
2026-01-14,McCluer North,42,Hazelwood East,24
2026-01-14,Russellville,57,Hermann,48
2026-01-14,North Kansas City,45,Lafayette (St. Joseph),50
2026-01-14,University Academy Charter,47,Lathrop,51
2026-01-14,Kearney,53,Liberty,52
2026-01-14,Dadeville,35,Lockwood,62
2026-01-14,Pacific,23,Mehlville,43
2026-01-14,Sherwood,52,Miami (Amoret),30
2026-01-14,Riverview Gardens,29,Moberly,64
2026-01-14,Tarkio with Fairfax,21,Mound City,55
2026-01-14,Vienna,58,New Bloomfield,21
2026-01-14,North Nodaway,16,North Andrew,41
2026-01-14,South Callaway,35,North Callaway,41
2026-01-14,South Nodaway with Jefferson (Conception),58,Northeast Nodaway,28
2026-01-14,Concordia,19,Northwest (Hughesville),44
2026-01-14,Pembroke Hill,26,Oak Grove,29
2026-01-14,Notre Dame (St. Louis),37,Oakville,62
2026-01-14,Winston,26,Osborn with Stewartsville,39
2026-01-14,Raytown South,12,Park Hill,51
2026-01-14,Hazelwood Central,62,Parkway South,40
2026-01-14,Polo,42,Pattonsburg,52
2026-01-14,West Platte,50,Penney,32
2026-01-14,Union Star,43,Plattsburg,34
2026-01-14,Winston,36,Polo,31
2026-01-14,Leeton,8,Santa Fe,58
2026-01-14,Clinton,12,Smith-Cotton,79
2026-01-14,Tri-County,22,South Harrison,73
2026-01-14,Warrensburg,45,St. James,54
2026-01-14,St. Vincent,44,St. Pius X (Festus),35
2026-01-14,Norborne,27,Sweet Springs,42
2026-01-14,Battle,52,Tipton,63
2026-01-14,Novinger,26,Trenton,50
2026-01-14,Gateway Science Charter,49,Valley Park,65
2026-01-14,Stover,44,Versailles,37
2026-01-14,Elsberry,27,Visitation Academy,38
2026-01-14,Liberty (Wentzville),54,Warrenton,44
2026-01-15,King City,23,Albany,38
2026-01-15,Montrose with Ballard,14,Appleton City,43
2026-01-15,West County,35,Arcadia Valley,62
2026-01-15,Sarcoxie,25,Ash Grove,67
2026-01-15,Liberty (Mountain View),55,Ava,47
2026-01-15,Gainesville,65,Bakersfield,60
2026-01-15,Newburg,44,Belle,66
2026-01-15,Atlanta,45,Bevier,26
2026-01-15,Collegiate School of Med-Bio Science,36,Bishop DuBourg,34
2026-01-15,Puxico,27,Bloomfield with Richland (Essex),45
2026-01-15,St. Pius X (Kansas City),35,Blue Springs,37
2026-01-15,Blue Springs,39,Blue Springs South,42
2026-01-15,Aurora,36,Bolivar,67
2026-01-15,Marceline,58,Brookfield,25
2026-01-15,Tina-Avalon,37,Bucklin with Macon County,57
2026-01-15,Salem,63,Cabool,33
2026-01-15,Holcomb,43,Campbell,59
2026-01-15,Rock Bridge,71,Capital City,15
2026-01-15,Central (Springfield),27,Cassville,56
2026-01-15,Jackson,76,Central (Cape Girardeau),34
2026-01-15,Mid-Buchanan,23,Chillicothe,45
2026-01-15,East Newton,47,Clever,61
2026-01-15,Archie,66,Clinton,32
2026-01-15,Plato,16,Crocker,59
2026-01-15,Hancock,13,Crystal City,70
2026-01-15,Charleston,34,Delta,90
2026-01-15,Neelyville,60,Dexter,39
2026-01-15,Buffalo,72,Eldon,61
2026-01-15,Marshfield,61,Fair Grove,28
2026-01-15,Christian Fellowship Sr.,36,Fayette,56
2026-01-15,Hillsboro,58,Festus,57
2026-01-15,Norwood,50,Fordland,22
2026-01-15,Central (Park Hills),34,Fredericktown,44
2026-01-15,St. Charles,47,Ft. Zumwalt East,35
2026-01-15,Mansfield,40,Galena,24
2026-01-15,Sweet Springs,21,Glasgow,65
2026-01-15,Fort Osage,40,Grain Valley,66
2026-01-15,St. Vincent,62,Grandview (Hillsboro),14
2026-01-15,Woodland,54,Greenville,47
2026-01-15,Southwest (Livingston County) with Breckenridge,20,Grundy County with Newtown-Harris,68
2026-01-15,Stoutland,46,Hartville,68
2026-01-15,Duchesne,48,Hazelwood West,64
2026-01-15,Glendale,42,Hillcrest,26
2026-01-15,Osceola,53,Hume,48
2026-01-15,Cor Jesu Academy,62,John Burroughs,53
2026-01-15,Poplar Bluff,42,Kennett,67
2026-01-15,Valle Catholic with St. Paul Lutheran (Farmington),61,Kingston,19
2026-01-15,Holden,47,Knob Noster,51
2026-01-15,Dora,64,Koshkonong,27
2026-01-15,Parkway West,35,Ladue Horton Watkins,57
2026-01-15,Excelsior Springs,36,Lawson,62
2026-01-15,South Iron,55,Lesterville,33
2026-01-15,Park Hill,42,Liberty North,56
2026-01-15,Laquey,49,Licking,42
2026-01-15,Paseo Academy,9,Lincoln College Prep,67
2026-01-15,Hale with Bosworth,26,Linn County,49
2026-01-15,Niangua,43,Macks Creek,54
2026-01-15,Believe Acad Charter,8,McCluer North,64
2026-01-15,Joplin,33,McDonald County,66
2026-01-15,El Dorado Springs,36,Miller,64
2026-01-15,Forsyth,48,Monett,72
2026-01-15,Silex,32,Monroe City,44
2026-01-15,Houston,31,Mountain Grove,61
2026-01-15,Spokane,56,New Covenant Academy,34
2026-01-15,Potosi,54,North County,44
2026-01-15,University Academy Charter,36,North Platte,32
2026-01-15,Schuyler County,39,Northeast (Cairo),48
2026-01-15,Sikeston,43,Notre Dame (Cape Girardeau),53
2026-01-15,Seckman,56,Notre Dame (St. Louis),44
2026-01-15,Richmond,51,Odessa,49
2026-01-15,La Monte,32,Orrick,11
2026-01-15,New Haven,35,Owensville,28
2026-01-15,Lee's Summit West,69,Park Hill South,38
2026-01-15,Mehlville,49,Parkway North,66
2026-01-15,Jefferson (Festus),50,Perryville,67
2026-01-15,Crane,48,Purdy,14
2026-01-15,Lee's Summit,37,Raymore-Peculiar,42
2026-01-15,St. Joseph Christian,29,Rock Port,54
2026-01-15,Kirkwood,50,Rockwood Summit,20
2026-01-15,West Plains,82,Rolla,49
2026-01-15,Miller Career Academy with Sumner,49,Rosati-Kain,15
2026-01-15,Harrisburg,75,Sacred Heart,25
2026-01-15,Central (New Madrid County),39,Saxony Lutheran,49
2026-01-15,Southwest (Washburn),50,School of the Ozarks,20
2026-01-15,Chaffee,73,Scott City,36
2026-01-15,Parkview,30,Seneca,46
2026-01-15,Drexel,36,Sheldon,32
2026-01-15,Carrollton,62,Smithton,22
2026-01-15,St. Pius X (Kansas City),50,Smithville,57
2026-01-15,Mt. Vernon,38,Springfield Catholic,50
2026-01-15,Holt,41,St. Charles West,66
2026-01-15,Steelville,54,St. Clair,57
2026-01-15,Bunceton,36,St. Elizabeth,96
2026-01-15,Lafayette County,58,St. Paul Lutheran (Concordia),29
2026-01-15,Lee's Summit North,9,Staley,76
2026-01-15,Worth County,42,Stanberry,61
2026-01-15,Farmington,48,Ste. Genevieve,20
2026-01-15,Skyline,43,Strafford,59
2026-01-15,Cuba,45,Sullivan,37
2026-01-15,Wheaton,49,Thomas Jefferson Independent Day,43
2026-01-15,Calvary Lutheran,43,Tuscumbia,52
2026-01-15,Clearwater,38,Twin Rivers,45
2026-01-15,Washington,39,Union,41
2026-01-15,Bismarck,74,Valley,6
2026-01-15,Lathrop,48,Van Horn,52
2026-01-15,Camdenton,68,Waynesville,33
2026-01-15,Nevada,58,Webb City,62
2026-01-15,Pattonville,31,Webster Groves,63
2026-01-15,Paris with Faith Walk,59,Wellsville-Middletown,15
2026-01-15,Thayer,66,Willow Springs,55
2026-01-15,DeSoto,37,Windsor (Imperial),42
2026-01-15,Wright City,37,Winfield,60
2026-01-16,Schuyler County,73,Atlanta,9
2026-01-16,Houston,24,Bakersfield,66
2026-01-16,Pembroke Hill,46,Belton,22
2026-01-16,Veritas Christian Academy,56,Bishop DuBourg,22
2026-01-16,Hogan Prep Academy Charter,28,Bishop LeBlond,60
2026-01-16,Tri-County,43,Braymer,30
2026-01-16,Bayless,31,Brentwood,43
2026-01-16,Southwest (Livingston County) with Breckenridge,13,Bucklin with Macon County,52
2026-01-16,Calvary Lutheran,59,Bunceton,44
2026-01-16,St. Francis Borgia,43,Bunker,47
2026-01-16,Versailles,33,Butler,57
2026-01-16,Mercer,39,Cainsville with Ridgeway,31
2026-01-16,West Platte,51,Cameron,35
2026-01-16,North Shelby,37,Canton,47
2026-01-16,Orrick,14,Carrollton,69
2026-01-16,Springfield Catholic,28,Carthage,43
2026-01-16,Neosho,42,Central (Springfield),45
2026-01-16,Palmyra,24,Centralia,78
2026-01-16,Walnut Grove,33,Chadwick,42
2026-01-16,Tuscumbia,65,Chamois,15
2026-01-16,Midway,54,Chilhowee,30
2026-01-16,Wright City,43,Christian Fellowship Sr.,51
2026-01-16,Whitfield,55,Clayton,64
2026-01-16,New Franklin,56,Community,26
2026-01-16,Diamond,34,Dadeville,37
2026-01-16,Union Star,33,DeKalb,52
2026-01-16,Fordland,43,Dora,36
2026-01-16,Kingsville,27,Drexel,44
2026-01-16,Greenville,59,East Carter,44
2026-01-16,Louisiana,33,Elsberry,35
2026-01-16,Dixon,50,Eugene,41
2026-01-16,Warrenton,57,Francis Howell North,61
2026-01-16,Ft. Zumwalt South,47,Ft. Zumwalt North,20
2026-01-16,Troy Buchanan,66,Ft. Zumwalt West,35
2026-01-16,Penney,33,Gallatin,32
2026-01-16,Sacred Heart,30,Green Ridge,56
2026-01-16,Brashear,30,Grundy County with Newtown-Harris,35
2026-01-16,Pleasant Hope,32,Halfway,41
2026-01-16,Valley Park,52,Hancock,19
2026-01-16,Kirksville,48,Hannibal,25
2026-01-16,Riverview Gardens,27,Hazelwood East,53
2026-01-16,St. Pius X (Festus),56,Hazelwood West,58
2026-01-16,Clark County,28,Highland,88
2026-01-16,Liberal,54,Jasper,36
2026-01-16,Lutheran South,41,Jefferson City,67
2026-01-16,East Buchanan,64,KIPP KC Legacy,21
2026-01-16,Westran,45,Knox County,19
2026-01-16,Meadville,43,La Plata,52
2026-01-16,Benton,60,Lafayette (St. Joseph),46
2026-01-16,Sherwood,50,Lakeland,38
2026-01-16,Willard,73,Lebanon,36
2026-01-16,Humansville,34,Leeton,18
2026-01-16,Lafayette County,48,Lexington,45
2026-01-16,Raytown South,18,Liberty,65
2026-01-16,Oakville,46,Lindbergh,38
2026-01-16,Fatima,47,Linn,27
2026-01-16,Concordia,22,Lone Jack,52
2026-01-16,Marquette,37,Lutheran St. Charles,63
2026-01-16,Glasgow,76,Madison,23
2026-01-16,Notre Dame de Sion,46,Marshall,29
2026-01-16,Plattsburg,36,Maysville,33
2026-01-16,Moberly,55,McCluer North,30
2026-01-16,Macon,50,Mexico,61
2026-01-16,Eureka,46,MICDS,45
2026-01-16,Exeter,32,New Heights Christian,48
2026-01-16,South Nodaway with Jefferson (Conception),48,North Andrew,33
2026-01-16,Vienna,68,North Callaway,40
2026-01-16,South Harrison,63,North Harrison,25
2026-01-16,St. Teresa's Academy,45,North Kansas City,44
2026-01-16,Pilot Grove,23,Northeast (Cairo),79
2026-01-16,La Monte,12,Northwest (Hughesville),64
2026-01-16,Pleasant Hill,44,Oak Grove,69
2026-01-16,Winfield,37,Orchard Farm,57
2026-01-16,Hallsville,35,Osage,65
2026-01-16,Pattonsburg,44,Osborn with Stewartsville,27
2026-01-16,Kearney,38,Park Hill,48
2026-01-16,Lafayette (Wildwood),53,Parkway Central,33
2026-01-16,Winston,36,Polo,31
2026-01-16,Jamestown,63,Prairie Home,29
2026-01-16,Lutheran North,31,Principia,68
2026-01-16,Pierce City,60,Purdy,28
2026-01-16,Lincoln College Prep,35,Raymore-Peculiar,50
2026-01-16,Truman,59,Raytown,45
2026-01-16,Hermitage,44,Richland,78
2026-01-16,Scotland County,67,Salisbury,44
2026-01-16,Hickman,43,Smith-Cotton,46
2026-01-16,Otterville,48,Smithton,32
2026-01-16,New Bloomfield,27,South Callaway,50
2026-01-16,Father Tolton,53,St. James,36
2026-01-16,Adrian,46,Stockton,27
2026-01-16,Lincoln,32,Stover,54
2026-01-16,Slater with Malta Bend,28,Sturgeon,35
2026-01-16,Santa Fe,42,Sweet Springs,33
2026-01-16,St. Joseph Christian,41,Tarkio with Fairfax,35
2026-01-16,Sheldon,37,Thomas Jefferson Independent Day,47
2026-01-16,Liberty (Wentzville),43,Timberland,44
2026-01-16,Norborne,54,Tina-Avalon,48
2026-01-16,Hazelwood Central,42,University City,46
2026-01-16,Bowling Green,21,Van-Far,41
2026-01-16,McAuley Catholic,56,Verona,54
2026-01-16,Affton,7,Villa Duchesne,45
2026-01-16,St. Paul Lutheran (Concordia),25,Warsaw,40
2026-01-16,Northwest (Cedar Hill),28,Waynesville,67
2026-01-16,Crest Ridge,44,Wellington-Napoleon,36
2026-01-16,Mark Twain,58,Wellsville-Middletown,15
2026-01-16,Northeast Vernon County with Rich Hill,30,Wheaton,39
2026-01-16,Cole Camp,59,Windsor,36
2026-01-17,Stanberry,52,Albany,43
2026-01-17,Osceola,33,Appleton City,44
2026-01-17,Russellville,46,Blair Oaks,56
2026-01-17,Tipton,69,Boonville,58
2026-01-17,Green City,52,Brookfield,50
2026-01-17,Battle,41,California,42
2026-01-17,John Burroughs,45,Cardinal Ritter,62
2026-01-17,Delta,68,Central (Park Hills),50
2026-01-17,Belle,39,Cuba,34
2026-01-17,Diamond,34,Dadeville,37
2026-01-17,Central (Cape Girardeau),56,Festus,69
2026-01-17,Lockwood,61,Greenfield with Golden City,40
2026-01-17,Montgomery County,49,Hermann,44
2026-01-17,Nerinx Hall,37,Jackson,69
2026-01-17,Bunker,26,Jefferson City,62
2026-01-17,Worth County,40,King City,24
2026-01-17,Richmond,47,Lawson,45
2026-01-17,St. Francis Borgia,43,Lutheran South,48
2026-01-17,Milan,27,Marceline,58
2026-01-17,Hume,41,Montrose with Ballard,56
2026-01-17,Rock Port,45,Mound City,28
2026-01-17,Saxony Lutheran,51,Neelyville,81
2026-01-17,Excelsior Springs,51,Odessa,64
2026-01-17,Washington,39,Owensville,22
2026-01-17,Trenton,17,Putnam County,45
2026-01-17,New Haven,17,Union,36
2026-01-19,Valle Catholic with St. Paul Lutheran (Farmington),32,Arcadia Valley,61
2026-01-19,Mt. Vernon,22,Ash Grove,35
2026-01-19,Conway,24,Ava,39
2026-01-19,Couch,45,Bakersfield,43
2026-01-19,William Chrisman,43,Belton,48
2026-01-19,Pleasant Hope,47,Billings with Hurley,51
2026-01-19,Park Hill South,57,Blue Springs South,42
2026-01-19,Fair Grove,26,Bolivar,56
2026-01-19,Pierce City,75,Bronaugh,27
2026-01-19,Lockwood,52,Buffalo,35
2026-01-19,Van Buren,60,Cabool,52
2026-01-19,Branson,71,Camdenton,56
2026-01-19,Lathrop,67,Cameron,55
2026-01-19,Bismarck,55,Central (Park Hills),44
2026-01-19,Dexter,22,Chaffee,63
2026-01-19,Highland,65,Clark County,17
2026-01-19,Lutheran North,45,Clayton,69
2026-01-19,Crane,37,Clever,38
2026-01-19,Calvary Lutheran,55,Climax Springs,33
2026-01-19,Miller,82,Dadeville,28
2026-01-19,Twin Rivers,61,Delta,64
2026-01-19,Skyline,73,Diamond,17
2026-01-19,Liberty (Mountain View),38,Dora,44
2026-01-19,South Iron,40,East Carter,52
2026-01-19,Stockton,23,El Dorado Springs,39
2026-01-19,Iberia,59,Eldon,62
2026-01-19,Southwest (Washburn),50,Exeter,25
2026-01-19,South Holt,40,Faith Christian Academy,52
2026-01-19,North Callaway,26,Fayette,54
2026-01-19,Cassville,48,Forsyth,19
2026-01-19,Neelyville,66,Fredericktown,46
2026-01-19,Verona,73,Galena,44
2026-01-19,Joplin,24,Glendale,46
2026-01-19,Ruskin,15,Grain Valley,79
2026-01-19,Warsaw,48,Green Ridge,65
2026-01-19,California,72,Hallsville,29
2026-01-19,Canton,68,Hannibal,53
2026-01-19,Concordia,33,Hardin-Central,34
2026-01-19,Mansfield,23,Hartville,56
2026-01-19,STEAM Academy,52,Hazelwood Central,47
2026-01-19,Principia,81,Hazelwood West,40
2026-01-19,Potosi,56,Herculaneum,14
2026-01-19,Thayer,64,Houston,38
2026-01-19,Scott City,44,Kelly,33
2026-01-19,Carthage,18,Kickapoo,66
2026-01-19,Gainesville,45,Koshkonong,30
2026-01-19,Marion C. Early,51,Lamar,53
2026-01-19,Ellington,56,Lesterville,22
2026-01-19,Thomas Jefferson Independent Day,36,Liberal,46
2026-01-19,North Kansas City,52,Liberty,57
2026-01-19,Cole Camp,45,Lincoln,36
2026-01-19,Parkview,20,Logan-Rogersville,98
2026-01-19,North Shelby,48,Mark Twain,60
2026-01-19,McDonald County,47,Marshfield,52
2026-01-19,McAuley Catholic,39,New Covenant Academy,45
2026-01-19,Willard,48,Nixa,62
2026-01-19,Kearney,59,Oak Park,66
2026-01-19,Richland,41,Osage,51
2026-01-19,Smith-Cotton,37,Ozark,47
2026-01-19,Laquey,50,Plato,9
2026-01-19,Liberty North,57,Raymore-Peculiar,58
2026-01-19,Rolla,38,Republic,45
2026-01-19,Holden,38,Richmond,49
2026-01-19,Pilot Grove,31,Santa Fe,45
2026-01-19,Lawson,31,Savannah,53
2026-01-19,South Shelby,49,Schuyler County,14
2026-01-19,Veritas Christian Academy,36,Silex,54
2026-01-19,Fulton,53,South Callaway,42
2026-01-19,Maysville,40,South Harrison,49
2026-01-19,Hermann,54,St. Clair,46
2026-01-19,St. Dominic,46,St. Francis Borgia,49
2026-01-19,Hillsboro,44,St. Vincent,49
2026-01-19,Lakeland,67,Weaubleau,56
2026-01-19,Neosho,24,West Plains,78
2026-01-19,Bishop LeBlond,36,West Platte,39
2026-01-19,Stoutland,49,Wheatland,45
2026-01-19,Center,34,Winnetonka,45
2026-01-20,Lone Jack,32,Adrian,47
2026-01-20,Pattonsburg,24,Albany,72
2026-01-20,Doniphan,74,Arcadia Valley,42
2026-01-20,Putnam County,71,Atlanta,38
2026-01-20,Couch,45,Bakersfield,43
2026-01-20,Hogan Prep Academy Charter,18,Barstow,68
2026-01-20,Glendale,39,Battle,35
2026-01-20,Valley Park,63,Bayless,54
2026-01-20,Vienna,47,Blair Oaks,38
2026-01-20,Sikeston,48,Bloomfield with Richland (Essex),27
2026-01-20,Centralia,68,Boonville,49
2026-01-20,Salisbury,51,Brookfield,42
2026-01-20,Brashear,47,Bucklin with Macon County,60
2026-01-20,East Carter,42,Bunker,53
2026-01-20,Drexel,32,Butler,56
2026-01-20,Mansfield,58,Cabool,69
2026-01-20,Prairie Home,51,Calvary Lutheran,56
2026-01-20,Webb City,79,Carl Junction,36
2026-01-20,Springfield Catholic,33,Cassville,53
2026-01-20,Guadalupe Centers Charter,10,Center,62
2026-01-20,Newburg,86,Chamois,18
2026-01-20,Hume,60,Chilhowee,33
2026-01-20,Ellington,56,Clearwater,75
2026-01-20,Northeast (Cairo),71,Community,26
2026-01-20,Montrose with Ballard,27,Concordia,44
2026-01-20,School of the Ozarks,24,Conway,39
2026-01-20,Marionville,60,Crane,20
2026-01-20,Oak Ridge,69,Crystal City,39
2026-01-20,Rock Port,58,DeKalb,26
2026-01-20,Tuscumbia,24,Dixon,65
2026-01-20,Scott County Central,81,East Prairie,18
2026-01-20,Tipton,80,Eugene,24
2026-01-20,Central (St. Joseph),39,Excelsior Springs,47
2026-01-20,Perryville,29,Festus,70
2026-01-20,Oakville,64,Fox,31
2026-01-20,Ft. Zumwalt South,34,Francis Howell,45
2026-01-20,St. Charles West,50,Francis Howell Central,55
2026-01-20,Francis Howell North,48,Ft. Zumwalt West,40
2026-01-20,Moberly,49,Fulton,37
2026-01-20,Laquey,37,Gainesville,60
2026-01-20,Marceline,51,Gallatin,32
2026-01-20,Mercer,36,Gilman City with North Daviess,41
2026-01-20,St. Teresa's Academy,39,Grandview,35
2026-01-20,Fordland,42,Greenwood,46
2026-01-20,Cainsville with Ridgeway,20,Grundy County with Newtown-Harris,59
2026-01-20,Van Buren,43,Hartville,69
2026-01-20,Malden,61,Hayti,28
2026-01-20,Stoutland,70,Hermitage,35
2026-01-20,Seckman,52,Hillsboro,67
2026-01-20,Kennett,53,Holcomb,25
2026-01-20,Billings with Hurley,47,Hollister,57
2026-01-20,Warrenton,46,Holt,67
2026-01-20,Central (New Madrid County),13,Jackson,81
2026-01-20,Windsor (Imperial),34,Jefferson (Festus),55
2026-01-20,Gateway Science Charter,15,Jennings,58
2026-01-20,Pattonville,29,John Burroughs,67
2026-01-20,North Harrison,32,King City,36
2026-01-20,Bourbon,54,Kingston,27
2026-01-20,Orrick,35,Kingsville,33
2026-01-20,Westran,46,Kirksville,62
2026-01-20,Ladue Horton Watkins,42,Kirkwood,51
2026-01-20,Scotland County,34,Knox County,29
2026-01-20,Plato,37,Koshkonong,33
2026-01-20,Sweet Springs,38,La Monte,37
2026-01-20,Marion County,62,La Plata,51
2026-01-20,Carrollton,51,Lafayette County,18
2026-01-20,Fair Play,38,Lakeland,52
2026-01-20,Crest Ridge,49,Lexington,55
2026-01-20,Helias Catholic,38,Lift for Life Academy Charter,70
2026-01-20,St. Michael the Archangel,35,Lincoln College Prep,49
2026-01-20,Climax Springs,37,Macks Creek,47
2026-01-20,Palmyra,52,Macon,42
2026-01-20,Brentwood,47,Maplewood-Richmond Hts.,48
2026-01-20,Collegiate School of Med-Bio Science,36,McCluer,50
2026-01-20,Green City,54,Meadville,39
2026-01-20,Rosati-Kain,23,Metro,39
2026-01-20,Principia,67,MICDS,44
2026-01-20,Summit Christian Academy,20,Mid-Buchanan,44
2026-01-20,Appleton City,57,Midway,18
2026-01-20,Reeds Spring,54,Monett,43
2026-01-20,Van-Far,39,Monroe City,47
2026-01-20,Bowling Green,18,Montgomery County,52
2026-01-20,Greenville,53,Neelyville,78
2026-01-20,Fayette,78,New Bloomfield,20
2026-01-20,New Heights Christian,37,New Covenant Academy,39
2026-01-20,Wheatland,51,Niangua,31
2026-01-20,Brunswick,47,Norborne,30
2026-01-20,West Nodaway with Nodaway-Holt,33,North Nodaway,24
2026-01-20,North Andrew,27,North Platte,46
2026-01-20,South Nodaway with Jefferson (Conception),44,Northeast Nodaway,27
2026-01-20,Union Star,40,Northland Christian,47
2026-01-20,Sullivan,63,Northwest (Cedar Hill),30
2026-01-20,Smithton,18,Northwest (Hughesville),64
2026-01-20,Higbee,78,Northwestern (Mendon) with Keytesville,29
2026-01-20,Kelly,27,Notre Dame (Cape Girardeau),56
2026-01-20,Linn County,60,Novinger,71
2026-01-20,Mound City,63,Osborn with Stewartsville,18
2026-01-20,Halfway,29,Osceola,70
2026-01-20,St. Pius X (Festus),54,Pacific,27
2026-01-20,Madison,21,Paris with Faith Walk,73
2026-01-20,Smith-Cotton,80,Parkview,26
2026-01-20,Lindbergh,73,Parkway South,58
2026-01-20,Bishop LeBlond,51,Pembroke Hill,49
2026-01-20,New Franklin,60,Pilot Grove,21
2026-01-20,Raytown,18,Platte County,51
2026-01-20,Senath-Hornersville,19,Portageville,58
2026-01-20,Dexter,49,Puxico,32
2026-01-20,Liberty North,57,Raymore-Peculiar,58
2026-01-20,Wellington-Napoleon,22,Richmond,73
2026-01-20,Believe Acad Charter,5,Ritenour,67
2026-01-20,Stover,60,Sacred Heart,23
2026-01-20,Leeton,8,Sherwood,57
2026-01-20,New Haven,24,Silex,50
2026-01-20,Glasgow,64,Slater with Malta Bend,24
2026-01-20,Harrisburg,64,South Callaway,28
2026-01-20,Polo,26,South Harrison,55
2026-01-20,Tarkio with Fairfax,32,South Holt,35
2026-01-20,Fatima,50,Southern Boone,32
2026-01-20,Forsyth,44,Sparta,59
2026-01-20,North Point,48,St. Charles,39
2026-01-20,Licking,29,St. James,67
2026-01-20,St. Joseph Christian,38,Stanberry,46
2026-01-20,Valle Catholic with St. Paul Lutheran (Farmington),43,Ste. Genevieve,42
2026-01-20,Waynesville,52,Steelville,49
2026-01-20,Christian Fellowship Sr.,54,Sturgeon,40
2026-01-20,Washington,34,Timberland,38
2026-01-20,Milan,27,Trenton,21
2026-01-20,Liberty (Wentzville),45,Troy Buchanan,68
2026-01-20,Lutheran St. Charles,76,Union,31
2026-01-20,Warrensburg,51,Van Horn,40
2026-01-20,Warsaw,29,Versailles,42
2026-01-20,Ursuline Academy,61,Villa Duchesne,27
2026-01-20,Ft. Zumwalt East,46,Visitation Academy,51
2026-01-20,Humansville,14,Walnut Grove,45
2026-01-20,North Callaway,36,Wellsville-Middletown,35
2026-01-20,Otterville,42,Windsor,35
2026-01-20,Duchesne,36,Winfield,29
2026-01-20,Tri-County,42,Winston,38
2026-01-20,Princeton,27,Worth County,30
2026-01-20,Elsberry,50,Wright City,22
2026-01-21,Dora,44,Alton,46
2026-01-21,Houston,34,Bakersfield,54
2026-01-21,West Plains,71,Bolivar,37
2026-01-21,Osborn with Stewartsville,21,Braymer,36
2026-01-21,Sheldon,46,Bronaugh,36
2026-01-21,Holden,18,Butler,55
2026-01-21,Richland,53,Camdenton,69
2026-01-21,Highland,64,Canton,35
2026-01-21,Marceline,34,Chillicothe,51
2026-01-21,Parkway North,41,Clayton,55
2026-01-21,Thayer,73,Couch,60
2026-01-21,St. Elizabeth,66,Eldon,34
2026-01-21,Holt,43,Elsberry,45
2026-01-21,Hazelwood Central,42,Eureka,58
2026-01-21,Neosho,26,Fair Grove,57
2026-01-21,Marquette,59,Francis Howell,65
2026-01-21,DeLaSalle Charter (KC),22,Guadalupe Centers Charter,29
2026-01-21,Mexico,57,Hallsville,35
2026-01-21,Clark County,17,Hannibal,53
2026-01-21,McCluer North,21,Hazelwood East,37
2026-01-21,Appleton City,61,Hume,23
2026-01-21,Lebanon,64,Iberia,66
2026-01-21,Smithton,18,Jamestown,64
2026-01-21,Notre Dame de Sion,69,Lee's Summit North,46
2026-01-21,Plattsburg,29,Lexington,45
2026-01-21,Owensville,33,Linn,50
2026-01-21,Ozark,37,Logan-Rogersville,67
2026-01-21,South Shelby,48,Mark Twain,60
2026-01-21,Harrisburg,46,New Franklin,48
2026-01-21,Thomas Jefferson Independent Day,48,Northeast Vernon County with Rich Hill,43
2026-01-21,Kennett,61,Notre Dame (Cape Girardeau),27
2026-01-21,Harrisonville,62,Odessa,67
2026-01-21,Branson,76,Osage,57
2026-01-21,Smith-Cotton,80,Parkview,26
2026-01-21,Neosho,47,Parkview,41
2026-01-21,Hazelwood West,54,Parkway West,33
2026-01-21,Ewing Marion Kauffman,46,Paseo Academy,16
2026-01-21,Orrick,32,Penney,30
2026-01-21,Farmington,46,Potosi,32
2026-01-21,Smithville,58,Raytown South,14
2026-01-21,Westminster Christian Academy,46,Ritenour,11
2026-01-21,Parkway Central,37,Rockwood Summit,45
2026-01-21,North Shelby,52,Schuyler County,30
2026-01-21,Columbia Independent,8,Silex,62
2026-01-21,Notre Dame (St. Louis),24,St. Joseph's Academy,79
2026-01-21,Villa Duchesne,35,Veritas Christian Academy,27
2026-01-21,Nerinx Hall,47,Visitation Academy,42
2026-01-21,Lutheran South,66,Whitfield,51
2026-01-22,Thayer,56,Alton,48
2026-01-22,Reeds Spring,35,Ash Grove,57
2026-01-22,Liberty (Mountain View),73,Bakersfield,70
2026-01-22,Wheaton,49,Billings with Hurley,60
2026-01-22,Duchesne,64,Bishop DuBourg,14
2026-01-22,Maryville,58,Bishop LeBlond,18
2026-01-22,Kingston,5,Bismarck,74
2026-01-22,Boonville,75,Blair Oaks,52
2026-01-22,Naylor,23,Bloomfield with Richland (Essex),46
2026-01-22,Grain Valley,46,Blue Springs South,45
2026-01-22,St. Elizabeth,47,Branson,45
2026-01-22,Stockton,42,Buffalo,49
2026-01-22,Plato,45,Cabool,51
2026-01-22,Tri-County,47,Cainsville with Ridgeway,39
2026-01-22,Iberia,58,Camdenton,72
2026-01-22,Webster Groves,46,Carl Junction,42
2026-01-22,Odessa,47,Center,28
2026-01-22,North County,66,Central (Park Hills),49
2026-01-22,South Pemiscot,38,Charleston,70
2026-01-22,Marionville,45,Clever,41
2026-01-22,Vashon,24,Collegiate School of Med-Bio Science,49
2026-01-22,Ursuline Academy,34,Cor Jesu Academy,47
2026-01-22,Newburg,29,Crocker,58
2026-01-22,Grandview (Hillsboro),23,Crystal City,57
2026-01-22,Hermann,35,Cuba,32
2026-01-22,Marion C. Early,56,Dadeville,41
2026-01-22,Salem,49,Dixon,42
2026-01-22,Couch,49,Dora,42
2026-01-22,Chilhowee,41,Drexel,46
2026-01-22,Ellington,62,East Carter,57
2026-01-22,Chaffee,89,East Prairie,22
2026-01-22,Greenwood,61,Everton,26
2026-01-22,Verona,45,Exeter,63
2026-01-22,Blue Eye,34,Fordland,49
2026-01-22,Raytown,32,Fort Osage,39
2026-01-22,Parkway North,51,Fox,29
2026-01-22,Hartville,36,Gainesville,27
2026-01-22,Southwest (Washburn),59,Galena,18
2026-01-22,Winnetonka,48,Grandview,60
2026-01-22,Jasper,37,Greenfield with Golden City,58
2026-01-22,Brunswick,76,Hale with Bosworth,12
2026-01-22,Braymer,40,Hardin-Central,56
2026-01-22,DeSoto,27,Hillsboro,59
2026-01-22,Central (New Madrid County),58,Holcomb,28
2026-01-22,Gateway Science Charter,15,Jennings,57
2026-01-22,Faith Christian Academy,42,Kingsville,22
2026-01-22,La Plata,45,Knox County,36
2026-01-22,Miller,69,Lamar,30
2026-01-22,Notre Dame (Cape Girardeau),27,Lee's Summit West,81
2026-01-22,El Dorado Springs,41,Lockwood,34
2026-01-22,West Plains,69,Logan-Rogersville,79
2026-01-22,Van-Far,39,Macon,48
2026-01-22,Valley Park,42,Maplewood-Richmond Hts.,45
2026-01-22,Northeast (Cairo),54,Marceline,43
2026-01-22,Scotland County,53,Marion County,39
2026-01-22,New Heights Christian,38,McAuley Catholic,52
2026-01-22,Affton,13,McCluer,51
2026-01-22,KIPP St. Louis Sr.,19,McCluer North,29
2026-01-22,St. Pius X (Festus),60,Metro,15
2026-01-22,Mt. Vernon,49,Monett,53
2026-01-22,Palmyra,24,Monroe City,33
2026-01-22,Chadwick,32,Mountain Grove,30
2026-01-22,Doniphan,66,Neelyville,28
2026-01-22,St. Francis Borgia,53,New Haven,23
2026-01-22,Troy Buchanan,41,Nixa,57
2026-01-22,Clopton,84,North Callaway,11
2026-01-22,Mehlville,54,Northwest (Cedar Hill),23
2026-01-22,St. Dominic,58,Notre Dame (St. Louis),31
2026-01-22,Summit Christian Academy,28,Oak Grove,61
2026-01-22,Kelly,47,Oak Ridge,67
2026-01-22,Parkway Central,32,Oakville,57
2026-01-22,Eldon,45,Osage,58
2026-01-22,Bolivar,58,Ozark,60
2026-01-22,Liberty,50,Park Hill,40
2026-01-22,Neosho,47,Parkview,41
2026-01-22,Festus,67,Perryville,39
2026-01-22,William Chrisman,38,Platte County,58
2026-01-22,Warrensburg,54,Pleasant Hill,66
2026-01-22,Cassville,65,Pleasant Hope,17
2026-01-22,Malden,36,Portageville,55
2026-01-22,Brookfield,42,Putnam County,54
2026-01-22,Campbell,55,Puxico,68
2026-01-22,Helias Catholic,41,Republic,52
2026-01-22,Lebanon,65,Richland,66
2026-01-22,California,41,Rolla,64
2026-01-22,Belton,60,Ruskin,8
2026-01-22,New Bloomfield,30,Russellville,70
2026-01-22,Poplar Bluff,35,Saxony Lutheran,40
2026-01-22,Sikeston,50,Scott City,47
2026-01-22,Fair Grove,34,Smith-Cotton,45
2026-01-22,Conway,21,Sparta,44
2026-01-22,Lutheran (Kansas City),61,St. Paul Lutheran (Concordia),34
2026-01-22,Pembroke Hill,32,St. Teresa's Academy,50
2026-01-22,Fredericktown,45,Ste. Genevieve,41
2026-01-22,Battle,40,Strafford,52
2026-01-22,Capital City,36,Sullivan,41
2026-01-22,South Callaway,22,Tipton,90
2026-01-22,Kennett,46,Twin Rivers,44
2026-01-22,Ewing Marion Kauffman,26,University Academy Charter,54
2026-01-22,Laquey,54,Van Buren,42
2026-01-22,Stoutland,63,Vienna,71
2026-01-22,Forsyth,24,Webb City,60
2026-01-22,Valley,12,West County,80
2026-01-22,DeKalb,46,West Nodaway with Nodaway-Holt,57
2026-01-22,Hollister,48,Willow Springs,67
2026-01-22,Slater with Malta Bend,46,Windsor,31
2026-01-22,Dexter,44,Woodland,28
2026-01-22,North Harrison,37,Worth County,43
2026-01-22,Montgomery County,53,Wright City,30
2026-01-23,North Andrew,34,Albany,49
2026-01-23,Crest Ridge,16,Archie,52
2026-01-23,Marionville,50,Ash Grove,43
2026-01-23,Joplin,38,Aurora,40
2026-01-23,St. Pius X (Kansas City),37,Barstow,55
2026-01-23,Hancock,17,Brentwood,52
2026-01-23,Northeast Vernon County with Rich Hill,60,Bronaugh,27
2026-01-23,Clearwater,46,Bunker,70
2026-01-23,Tri-County,47,Cainsville with Ridgeway,39
2026-01-23,Kirkwood,57,Clayton,40
2026-01-23,Adrian,49,Clinton,18
2026-01-23,Bunceton,62,Columbia Independent,20
2026-01-23,Paris with Faith Walk,44,Community,33
2026-01-23,Oak Ridge,70,Delta,90
2026-01-23,Lawson,49,East Buchanan,38
2026-01-23,Kearney,69,Excelsior Springs,20
2026-01-23,Climax Springs,30,Fair Play,55
2026-01-23,Linn,39,Fayette,57
2026-01-23,Central (St. Joseph),25,Fort Osage,51
2026-01-23,North Point,69,Ft. Zumwalt East,14
2026-01-23,Francis Howell,38,Ft. Zumwalt West,26
2026-01-23,Sturgeon,29,Glasgow,72
2026-01-23,Collegiate School of Med-Bio Science,32,Grandview (Hillsboro),33
2026-01-23,Eugene,24,Harrisburg,61
2026-01-23,Hazelwood West,44,Hazelwood Central,56
2026-01-23,Jefferson (Festus),63,Herculaneum,23
2026-01-23,Halfway,38,Hermitage,48
2026-01-23,Lafayette County,31,Holden,42
2026-01-23,New Franklin,36,Jamestown,46
2026-01-23,Midway,44,Jasper,33
2026-01-23,California,61,Jefferson City,64
2026-01-23,MICDS,42,John Burroughs,58
2026-01-23,Charleston,29,Kelly,61
2026-01-23,Northland Christian,56,Kingsville,27
2026-01-23,Smithton,36,La Monte,37
2026-01-23,North Shelby,45,La Plata,62
2026-01-23,Lindbergh,26,Ladue Horton Watkins,60
2026-01-23,Appleton City,62,Lakeland,40
2026-01-23,Truman,59,Lee's Summit North,58
2026-01-23,Strafford,60,Lee's Summit West,59
2026-01-23,Richmond,42,Lexington,50
2026-01-23,Pierce City,59,Liberal,37
2026-01-23,Sweet Springs,23,Lone Jack,55
2026-01-23,Silex,47,Louisiana,48
2026-01-23,Cardinal Ritter,62,Lutheran St. Charles,70
2026-01-23,Hannibal,43,Macon,48
2026-01-23,Bayless,26,Maplewood-Richmond Hts.,42
2026-01-23,South Shelby,64,Marion County,33
2026-01-23,Scotland County,51,Mark Twain,48
2026-01-23,Northwestern (Mendon) with Keytesville,14,Meadville,59
2026-01-23,Grundy County with Newtown-Harris,24,Mercer,28
2026-01-23,Kirksville,64,Mexico,54
2026-01-23,Crane,51,Monett,44
2026-01-23,Chilhowee,22,Montrose with Ballard,37
2026-01-23,Northeast Nodaway,27,Mound City,55
2026-01-23,Father Tolton,68,Nerinx Hall,53
2026-01-23,Helias Catholic,41,Nixa,61
2026-01-23,Mid-Buchanan,51,North Platte,32
2026-01-23,Lincoln,21,Northwest (Hughesville),61
2026-01-23,Battle,44,Notre Dame (Cape Girardeau),24
2026-01-23,Warrenton,35,Orchard Farm,51
2026-01-23,Tina-Avalon,28,Orrick,34
2026-01-23,Drexel,29,Osceola,63
2026-01-23,Green Ridge,44,Otterville,33
2026-01-23,Canton,54,Palmyra,46
2026-01-23,Smithville,29,Park Hill South,43
2026-01-23,Pattonville,21,Parkway West,34
2026-01-23,West Platte,60,Penney,30
2026-01-23,Prairie Home,49,Pilot Grove,55
2026-01-23,Lathrop,39,Plattsburg,34
2026-01-23,North County,54,Poplar Bluff,36
2026-01-23,Clever,37,Reeds Spring,40
2026-01-23,Troy Buchanan,56,Republic,62
2026-01-23,Hazelwood East,44,Ritenour,14
2026-01-23,Parkway South,67,Rockwood Summit,51
2026-01-23,Van Horn,16,Ruskin,46
2026-01-23,Windsor,19,Sacred Heart,50
2026-01-23,St. Paul Lutheran (Concordia),33,Santa Fe,45
2026-01-23,Scott County Central,59,Scott City,49
2026-01-23,University City,54,Seckman,50
2026-01-23,Thomas Jefferson Independent Day,28,Sheldon,16
2026-01-23,Versailles,52,Sherwood,43
2026-01-23,Sarcoxie,37,Skyline,78
2026-01-23,Madison,42,Slater with Malta Bend,48
2026-01-23,Licking,19,Southern Boone,43
2026-01-23,Verona,42,Southwest (Washburn),53
2026-01-23,Liberty (Wentzville),36,St. Charles,40
2026-01-23,Fatima,38,St. James,33
2026-01-23,Princeton,42,St. Joseph Christian,32
2026-01-23,Cole Camp,27,Stover,51
2026-01-23,Ft. Zumwalt South,57,Timberland,27
2026-01-23,South Holt,32,Union Star,42
2026-01-23,Norwood,39,Waynesville,37
2026-01-23,Macks Creek,42,Weaubleau,43
2026-01-23,Willard,51,Webster Groves,49
2026-01-23,DeKalb,46,West Nodaway with Nodaway-Holt,57
2026-01-23,Salisbury,23,Westran,34
2026-01-23,St. Charles West,52,Whitfield,48
2026-01-23,Holt,57,Winfield,58
2026-01-23,North Harrison,37,Worth County,43
2026-01-24,Oak Ridge,70,Delta,90
2026-01-24,Charleston,29,Kelly,59
2026-01-24,Lutheran South,58,Lutheran North,25
2026-01-24,Crane,51,Monett,44
2026-01-24,Highland,49,Monroe City,26
2026-01-26,South Holt,32,Albany,63
2026-01-26,Northwestern (Mendon) with Keytesville,38,Bevier,31
2026-01-26,Staley,70,Blue Springs,31
2026-01-26,St. Michael the Archangel,38,Blue Springs South,47
2026-01-26,Santa Fe,55,Brunswick,63
2026-01-26,Midway,45,Butler,56
2026-01-26,West Platte,64,Cameron,38
2026-01-26,Barstow,39,Chillicothe,62
2026-01-26,Maysville,45,DeKalb,57
2026-01-26,Lafayette County,49,East Buchanan,34
2026-01-26,Winfield,54,Elsberry,39
2026-01-26,Linn,49,Fayette,42
2026-01-26,Mansfield,17,Fordland,47
2026-01-26,Francis Howell Central,45,Ft. Zumwalt West,31
2026-01-26,Naylor,53,Greenville,68
2026-01-26,North Shelby,73,Hale with Bosworth,7
2026-01-26,Summit Christian Academy,36,Harrisonville,53
2026-01-26,Osborn with Stewartsville,9,King City,31
2026-01-26,Lexington,36,Knob Noster,75
2026-01-26,Lee's Summit,46,Liberty North,51
2026-01-26,Oak Park,54,Lincoln College Prep,57
2026-01-26,Ritenour,23,Maplewood-Richmond Hts.,36
2026-01-26,North Andrew,25,Mid-Buchanan,53
2026-01-26,Niangua,29,Mountain Grove,73
2026-01-26,Princeton,38,North Nodaway,28
2026-01-26,Stanberry,71,Northeast Nodaway,36
2026-01-26,Plattsburg,43,Northland Christian,40
2026-01-26,Windsor (Imperial),50,Northwest (Cedar Hill),34
2026-01-26,Warsaw,46,Osceola,69
2026-01-26,Liberty (Wentzville),63,Owensville,32
2026-01-26,North Kansas City,62,Park Hill,68
2026-01-26,Union Star,40,Pattonsburg,56
2026-01-26,Maryville,60,Pembroke Hill,34
2026-01-26,Fort Osage,35,Raymore-Peculiar,66
2026-01-26,Kearney,84,Raytown South,22
2026-01-26,St. Dominic,53,Rockwood Summit,28
2026-01-26,New Haven,21,Rolla,56
2026-01-26,Marionville,75,Sarcoxie,51
2026-01-26,Penney,24,Savannah,58
2026-01-26,Van-Far,41,Silex,47
2026-01-26,Jamestown,65,Slater with Malta Bend,18
2026-01-26,Platte County,29,Smithville,64
2026-01-26,Calvary Lutheran,39,St. Elizabeth,67
2026-01-26,Notre Dame de Sion,55,St. Pius X (Kansas City),43
2026-01-26,Belton,33,Truman,44
2026-01-26,Ursuline Academy,73,Washington,38
2026-01-26,Rosati-Kain,16,Westminster Christian Academy,68
2026-01-26,New Bloomfield,24,Westran,60
2026-01-26,Grandview,58,William Chrisman,32
2026-01-27,Lone Jack,63,Archie,41
2026-01-27,Marion County,59,Atlanta,29
2026-01-27,St. Pius X (Kansas City),24,Benton,57
2026-01-27,Northwestern (Mendon) with Keytesville,38,Bevier,31
2026-01-27,Marshall,21,Blair Oaks,34
2026-01-27,Santa Fe,55,Brunswick,63
2026-01-27,Meadville,42,Bucklin with Macon County,38
2026-01-27,Midway,45,Butler,56
2026-01-27,Gilman City with North Daviess,72,Cainsville with Ridgeway,20
2026-01-27,Sweet Springs,10,Carrollton,58
2026-01-27,Oak Park,71,Central (St. Joseph),28
2026-01-27,Fulton,18,Centralia,50
2026-01-27,Miami (Amoret),36,Chilhowee,67
2026-01-27,Tuscumbia,44,Columbia Independent,13
2026-01-27,Concordia,35,Crest Ridge,50
2026-01-27,Northwest (Cedar Hill),54,Crystal City,50
2026-01-27,Skyline,64,El Dorado Springs,48
2026-01-27,Marquette,56,Francis Howell,57
2026-01-27,Troy Buchanan,61,Francis Howell North,29
2026-01-27,Ft. Zumwalt South,54,Ft. Zumwalt East,21
2026-01-27,North Point,60,Ft. Zumwalt North,64
2026-01-27,Pilot Grove,23,Glasgow,72
2026-01-27,Brashear,41,Green City,71
2026-01-27,North Shelby,73,Hale with Bosworth,7
2026-01-27,Harrisburg,64,Hallsville,24
2026-01-27,Summit Christian Academy,36,Harrisonville,53
2026-01-27,North County,74,Hazelwood East,54
2026-01-27,University Academy Charter,44,Holden,37
2026-01-27,Orchard Farm,63,Holt,51
2026-01-27,MICDS,32,Jackson,73
2026-01-27,Van Horn,17,Kearney,69
2026-01-27,Lindbergh,39,Kirkwood,48
2026-01-27,Lexington,36,Knob Noster,75
2026-01-27,Macon,46,Mark Twain,50
2026-01-27,West Nodaway with Nodaway-Holt,26,Maryville,65
2026-01-27,Brookfield,26,Milan,43
2026-01-27,Gateway with Soldan International Studies,8,Miller Career Academy with Sumner,55
2026-01-27,Kirksville,60,Moberly,36
2026-01-27,St. Joseph Christian,34,Mound City,50
2026-01-27,Webster Groves,56,Nerinx Hall,47
2026-01-27,Tri-County,41,North Harrison,44
2026-01-27,South Nodaway with Jefferson (Conception),39,North Platte,50
2026-01-27,Plattsburg,43,Northland Christian,40
2026-01-27,La Plata,71,Novinger,43
2026-01-27,St. Paul Lutheran (Concordia),43,Orrick,16
2026-01-27,Canton,60,Palmyra,46
2026-01-27,Liberty,39,Park Hill South,51
2026-01-27,Clayton,65,Parkway South,68
2026-01-27,Sherwood,68,Pleasant Hill,60
2026-01-27,Cole Camp,48,Sacred Heart,27
2026-01-27,Marionville,75,Sarcoxie,51
2026-01-27,Schuyler County,40,Scotland County,53
2026-01-27,Calvary Lutheran,39,St. Elizabeth,67
2026-01-27,STEAM Academy,58,St. Pius X (Festus),74
2026-01-27,Staley,40,St. Teresa's Academy,32
2026-01-27,Jefferson City,48,Tipton,68
2026-01-27,South Harrison,53,Trenton,12
2026-01-27,Ladue Horton Watkins,54,Westminster Christian Academy,48
2026-01-27,John Burroughs,59,Whitfield,29
2026-01-27,Rock Port,61,Worth County,48
2026-01-28,King City,36,Albany,41
2026-01-28,Hermitage,21,Appleton City,62
2026-01-28,St. Michael the Archangel,50,Barstow,25
2026-01-28,Harrisburg,39,Blair Oaks,33
2026-01-28,Chillicothe,55,Blue Springs South,43
2026-01-28,Clopton,85,Bowling Green,22
2026-01-28,Wright City,48,Brentwood,44
2026-01-28,Union Star,59,Cainsville with Ridgeway,41
2026-01-28,North Andrew,53,Cameron,54
2026-01-28,Linn,24,Centralia,67
2026-01-28,Laquey,42,Chadwick,53
2026-01-28,Wheatland,47,Climax Springs,28
2026-01-28,Salisbury,48,Community,54
2026-01-28,University Academy Charter,40,Crest Ridge,45
2026-01-28,Stanberry,51,DeKalb,24
2026-01-28,King City,37,DeKalb,34
2026-01-28,St. Charles West,49,Duchesne,42
2026-01-28,Penney,34,East Buchanan,60
2026-01-28,Winfield,54,Elsberry,39
2026-01-28,Father Tolton,70,Eugene,47
2026-01-28,Francis Howell Central,45,Ft. Zumwalt West,31
2026-01-28,Fayette,51,Fulton,47
2026-01-28,Putnam County,35,Green City,63
2026-01-28,Linn County,13,Grundy County with Newtown-Harris,62
2026-01-28,Marshall,47,Hallsville,27
2026-01-28,Ewing Marion Kauffman,31,Hardin-Central,45
2026-01-28,Butler,40,Harrisonville,24
2026-01-28,North County,74,Hazelwood East,54
2026-01-28,St. James,37,Helias Catholic,56
2026-01-28,Montgomery County,38,Hermann,39
2026-01-28,Vashon,7,Hillsboro,91
2026-01-28,Concordia,38,Holden,44
2026-01-28,Lafayette (Wildwood),54,Holt,38
2026-01-28,Lone Jack,64,Hume,42
2026-01-28,Russellville,56,Iberia,81
2026-01-28,Collegiate School of Med-Bio Science,41,Jennings,50
2026-01-28,Sherwood,42,Knob Noster,70
2026-01-28,Windsor,32,Leeton,19
2026-01-28,Pleasant Hill,50,Lexington,61
2026-01-28,North Callaway,13,Louisiana,48
2026-01-28,Macon,46,Mark Twain,50
2026-01-28,Northeast Nodaway,32,Maysville,40
2026-01-28,Tina-Avalon,24,Mercer,44
2026-01-28,Southern Boone,55,Mexico,48
2026-01-28,Summit Christian Academy,41,Midway,35
2026-01-28,Lakeland,36,Montrose with Ballard,45
2026-01-28,Glendale,61,Neosho,27
2026-01-28,Sturgeon,24,New Franklin,61
2026-01-28,Southwest (Livingston County) with Breckenridge,13,Norborne,51
2026-01-28,Tri-County,37,North Nodaway,33
2026-01-28,South Holt,20,Osborn with Stewartsville,18
2026-01-28,Liberty (Wentzville),63,Owensville,32
2026-01-28,South Callaway,35,Paris with Faith Walk,65
2026-01-28,DeLaSalle Charter (KC),12,Paseo Academy,35
2026-01-28,Oak Grove,39,Pembroke Hill,35
2026-01-28,Braymer,16,Plattsburg,46
2026-01-28,Spokane,72,Pleasant Hope,32
2026-01-28,Bunceton,34,Prairie Home,66
2026-01-28,Grain Valley,45,Raymore-Peculiar,63
2026-01-28,Lincoln College Prep,51,Raytown South,11
2026-01-28,Faith Christian Academy,49,Richmond,74
2026-01-28,St. Dominic,52,Rockwood Summit,28
2026-01-28,New Haven,21,Rolla,56
2026-01-28,Bishop DuBourg,30,Rosati-Kain,23
2026-01-28,Van-Far,41,Silex,47
2026-01-28,St. Joseph Christian,45,South Nodaway with Jefferson (Conception),37
2026-01-28,Sullivan,52,St. Charles,34
2026-01-28,Jefferson City,48,Tipton,68
2026-01-28,Gallatin,29,Trenton,34
2026-01-28,Valley Park,22,Veritas Christian Academy,46
2026-01-28,California,70,Versailles,40
2026-01-28,Lutheran South,72,Warrenton,40
2026-01-28,Ursuline Academy,73,Washington,38
2026-01-28,Central (Springfield),29,Webb City,61
2026-01-28,John Burroughs,59,Whitfield,29
2026-01-28,Lawson,48,William Chrisman,36
2026-01-29,Windsor (Imperial),73,Affton,8
2026-01-29,Montrose with Ballard,7,Appleton City,57
2026-01-29,Hume,30,Archie,50
2026-01-29,Pierce City,43,Ash Grove,54
2026-01-29,Conway,27,Ava,41
2026-01-29,Iberia,74,Belle,42
2026-01-29,Raytown,58,Belton,49
2026-01-29,Southwest (Livingston County) with Breckenridge,22,Bevier,57
2026-01-29,Crane,17,Blue Eye,34
2026-01-29,Grandview (Hillsboro),34,Bourbon,48
2026-01-29,Fair Play,55,Bronaugh,24
2026-01-29,Glasgow,59,Brunswick,39
2026-01-29,Hale with Bosworth,10,Bucklin with Macon County,60
2026-01-29,Northeast (Cairo),68,Canton,51
2026-01-29,Jamestown,33,Carrollton,53
2026-01-29,Seneca,25,Cassville,57
2026-01-29,Notre Dame de Sion,65,Center,42
2026-01-29,Republic,65,Central (Springfield),21
2026-01-29,Laquey,42,Chadwick,53
2026-01-29,Scott County Central,33,Chaffee,66
2026-01-29,Warsaw,45,Climax Springs,27
2026-01-29,Salisbury,48,Community,54
2026-01-29,Villa Duchesne,26,Cor Jesu Academy,57
2026-01-29,Festus,69,DeSoto,30
2026-01-29,Monett,33,East Newton,40
2026-01-29,Lamar,40,El Dorado Springs,65
2026-01-29,Versailles,57,Eugene,63
2026-01-29,Boonville,50,Fatima,18
2026-01-29,Mansfield,17,Fordland,47
2026-01-29,Bayless,18,Fox,72
2026-01-29,Jackson,56,Francis Howell,53
2026-01-29,Lutheran South,58,Francis Howell Central,38
2026-01-29,Ft. Zumwalt North,33,Ft. Zumwalt South,60
2026-01-29,Warrenton,45,Ft. Zumwalt West,54
2026-01-29,Sparta,36,Gainesville,43
2026-01-29,Pattonsburg,23,Gilman City with North Daviess,52
2026-01-29,Webb City,65,Glendale,34
2026-01-29,Herculaneum,30,Hazelwood East,51
2026-01-29,Union,40,Hazelwood West,50
2026-01-29,Lutheran St. Charles,66,Hermann,32
2026-01-29,Lakeland,65,Hermitage,50
2026-01-29,Clever,78,Hollister,53
2026-01-29,St. Joseph's Academy,35,Incarnate Word Academy,95
2026-01-29,Delta,82,Kelly,43
2026-01-29,Neosho,25,Kickapoo,84
2026-01-29,St. Pius X (Festus),35,Kirkwood,41
2026-01-29,Savannah,41,Lafayette County,37
2026-01-29,South Harrison,40,Lathrop,34
2026-01-29,Blue Springs,28,Lee's Summit,27
2026-01-29,St. Teresa's Academy,48,Lee's Summit West,72
2026-01-29,Lee's Summit North,27,Liberty,82
2026-01-29,Willow Springs,52,Liberty (Mountain View),39
2026-01-29,Plato,11,Licking,61
2026-01-29,Principia,57,Lift for Life Academy Charter,44
2026-01-29,Leeton,13,Lincoln,42
2026-01-29,STEAM Academy,64,Lindbergh,54
2026-01-29,Tina-Avalon,42,Linn County,20
2026-01-29,Dadeville,29,Lockwood,48
2026-01-29,Mt. Vernon,28,Logan-Rogersville,60
2026-01-29,Skyline,64,Marionville,57
2026-01-29,MICDS,42,Marquette,71
2026-01-29,New Covenant Academy,40,McAuley Catholic,36
2026-01-29,Ritenour,28,McCluer,39
2026-01-29,Sheldon,36,Miami (Amoret),58
2026-01-29,West Platte,24,Mid-Buchanan,52
2026-01-29,North Platte,42,Mound City,49
2026-01-29,Niangua,29,Mountain Grove,73
2026-01-29,Verona,39,New Heights Christian,75
2026-01-29,Princeton,45,North Harrison,33
2026-01-29,Timberland,33,North Point,49
2026-01-29,Bishop DuBourg,30,Notre Dame (St. Louis),57
2026-01-29,Wellington-Napoleon,23,Odessa,53
2026-01-29,Wheatland,50,Osceola,46
2026-01-29,New Haven,42,Owensville,28
2026-01-29,Joplin,18,Ozark,69
2026-01-29,Seckman,50,Parkway North,36
2026-01-29,Santa Fe,45,Pilot Grove,29
2026-01-29,Park Hill,35,Platte County,27
2026-01-29,Spokane,72,Pleasant Hope,32
2026-01-29,Ewing Marion Kauffman,37,Polo,35
2026-01-29,Knox County,51,Putnam County,30
2026-01-29,Hickman,33,Rock Bridge,49
2026-01-29,Washington,40,Rockwood Summit,21
2026-01-29,Liberty (Wentzville),42,Rolla,60
2026-01-29,Hogan Prep Academy Charter,32,Ruskin,24
2026-01-29,Chilhowee,22,Sacred Heart,29
2026-01-29,Stoutland,58,Salem,46
2026-01-29,Sweet Springs,23,Slater with Malta Bend,32
2026-01-29,Benton,58,Smithville,45
2026-01-29,Moberly,27,Southern Boone,36
2026-01-29,Vashon,8,St. Charles,46
2026-01-29,Mehlville,47,St. Clair,33
2026-01-29,Ursuline Academy,58,St. Dominic,54
2026-01-29,Duchesne,54,St. Francis Borgia,73
2026-01-29,Jefferson (Festus),30,St. Vincent,85
2026-01-29,Sarcoxie,52,Stockton,53
2026-01-29,Purdy,36,Thomas Jefferson Independent Day,44
2026-01-29,Webster Groves,61,Visitation Academy,34
2026-01-29,Parkview,31,Waynesville,65
2026-01-29,Smith-Cotton,64,Willard,84
2026-01-30,Warrensburg,41,Adrian,67
2026-01-30,Stanberry,43,Albany,38
2026-01-30,Harrisonville,38,Archie,46
2026-01-30,Pierce City,43,Ash Grove,54
2026-01-30,Springfield Catholic,59,Ava,24
2026-01-30,Capital City,20,Battle,50
2026-01-30,Russellville,46,Belle,45
2026-01-30,Northeast (Kansas City),7,Bishop LeBlond,55
2026-01-30,Grain Valley,64,Blue Springs South,37
2026-01-30,Elsberry,35,Bowling Green,26
2026-01-30,Parkview,23,Branson,59
2026-01-30,La Plata,50,Brashear,37
2026-01-30,Gateway Science Charter,31,Brentwood,65
2026-01-30,Father Tolton,75,California,82
2026-01-30,Bunceton,36,Calvary Lutheran,60
2026-01-30,St. Joseph Christian,42,Cameron,37
2026-01-30,Sparta,30,Chadwick,49
2026-01-30,Raymore-Peculiar,53,Chillicothe,47
2026-01-30,Columbia Independent,13,Christian Fellowship Sr.,45
2026-01-30,Hermitage,54,Climax Springs,40
2026-01-30,Winfield,33,Clopton,81
2026-01-30,Pleasant Hill,51,Concordia,39
2026-01-30,King City,38,DeKalb,34
2026-01-30,Miller,68,Diamond,34
2026-01-30,Trenton,32,East Buchanan,47
2026-01-30,St. Elizabeth,52,Eldon,32
2026-01-30,Pattonville,31,Eureka,74
2026-01-30,Buffalo,55,Fair Grove,63
2026-01-30,Norwood,52,Fatima,49
2026-01-30,Mountain Grove,27,Fordland,19
2026-01-30,Strafford,80,Forsyth,11
2026-01-30,St. Michael the Archangel,49,Fort Osage,34
2026-01-30,Jackson,56,Francis Howell,53
2026-01-30,St. Dominic,32,Francis Howell Central,47
2026-01-30,Washington,28,Ft. Zumwalt West,44
2026-01-30,Hallsville,40,Fulton,48
2026-01-30,Willow Springs,47,Gainesville,42
2026-01-30,New Covenant Academy,83,Galena,27
2026-01-30,Cuba,83,Grandview (Hillsboro),18
2026-01-30,Billings with Hurley,27,Greenwood,72
2026-01-30,Mercer,26,Grundy County with Newtown-Harris,37
2026-01-30,Rosati-Kain,23,Hancock,9
2026-01-30,Polo,32,Hardin-Central,23
2026-01-30,Osage,25,Helias Catholic,64
2026-01-30,Liberty (Wentzville),38,Hermann,41
2026-01-30,Sullivan,49,Hillsboro,67
2026-01-30,Lexington,40,Holden,38
2026-01-30,Fair Play,48,Humansville,30
2026-01-30,Summit Christian Academy,50,Hume,41
2026-01-30,Liberal,31,Jasper,39
2026-01-30,Westminster Christian Academy,20,John Burroughs,63
2026-01-30,Grandview,45,Kearney,49
2026-01-30,Hannibal,53,Kirksville,68
2026-01-30,Schuyler County,28,Knox County,46
2026-01-30,Windsor,44,La Monte,45
2026-01-30,Clayton,38,Lafayette (Wildwood),44
2026-01-30,Warsaw,47,Lakeland,51
2026-01-30,Nevada,46,Lamar,16
2026-01-30,Brookfield,34,Lawson,60
2026-01-30,Blue Springs,28,Lee's Summit,27
2026-01-30,Laquey,55,Liberty (Mountain View),43
2026-01-30,Principia,57,Lift for Life Academy Charter,44
2026-01-30,Smithton,28,Lincoln,39
2026-01-30,Silex,43,Louisiana,54
2026-01-30,Ursuline Academy,44,Lutheran South,54
2026-01-30,Tuscumbia,37,Macks Creek,59
2026-01-30,Palmyra,46,Macon,53
2026-01-30,Niangua,21,Mansfield,54
2026-01-30,Pleasant Hope,28,Marion C. Early,58
2026-01-30,Marion County,62,Mark Twain,67
2026-01-30,South Holt,34,Maysville,50
2026-01-30,Exeter,38,McAuley Catholic,46
2026-01-30,North Shelby,59,Meadville,36
2026-01-30,Hazelwood Central,51,Mehlville,36
2026-01-30,Drexel,68,Miami (Amoret),27
2026-01-30,Green City,33,Milan,42
2026-01-30,Clark County,22,Monroe City,56
2026-01-30,New Haven,37,Montgomery County,30
2026-01-30,Salisbury,79,New Bloomfield,20
2026-01-30,Northwestern (Mendon) with Keytesville,27,Norborne,56
2026-01-30,South Nodaway with Jefferson (Conception),27,North Andrew,40
2026-01-30,Van-Far,56,North Callaway,23
2026-01-30,Pattonsburg,24,North Harrison,40
2026-01-30,Central (St. Joseph),25,North Kansas City,64
2026-01-30,Francis Howell North,37,North Point,42
2026-01-30,Osborn with Stewartsville,32,Northeast Nodaway,26
2026-01-30,Atlanta,40,Novinger,50
2026-01-30,Ladue Horton Watkins,51,Orchard Farm,57
2026-01-30,Northland Christian,39,Orrick,47
2026-01-30,New Franklin,47,Paris with Faith Walk,59
2026-01-30,Oak Park,41,Park Hill South,58
2026-01-30,Webster Groves,63,Parkway South,55
2026-01-30,Vienna,69,Prairie Home,40
2026-01-30,Walnut Grove,64,Richland,52
2026-01-30,Warrenton,74,Rockwood Summit,64
2026-01-30,Lutheran St. Charles,61,Rolla,50
2026-01-30,Ellington,48,Salem,61
2026-01-30,Canton,66,Scotland County,54
2026-01-30,Chilhowee,42,Sheldon,32
2026-01-30,Marshfield,79,Skyline,60
2026-01-30,Sturgeon,45,South Callaway,51
2026-01-30,Highland,40,South Shelby,44
2026-01-30,Steelville,41,Southern Boone,46
2026-01-30,Ft. Zumwalt East,15,St. Charles West,57
2026-01-30,Waynesville,55,St. James,33
2026-01-30,Pembroke Hill,31,St. Pius X (Kansas City),47
2026-01-30,Greenfield with Golden City,63,Thomas Jefferson Independent Day,29
2026-01-30,Union Star,34,Tri-County,37
2026-01-30,Parkway Central,25,University City,44
2026-01-30,Lesterville,46,Valley,26
2026-01-30,William Chrisman,54,Van Horn,44
2026-01-30,Villa Duchesne,31,Visitation Academy,36
2026-01-30,Northeast Vernon County with Rich Hill,35,Weaubleau,56
2026-01-30,Community,33,Westran,50
2026-01-30,New Heights Christian,52,Wheaton,42
2026-01-30,Tarkio with Fairfax,54,Winston,41
2026-01-30,West Nodaway with Nodaway-Holt,26,Worth County,45
2026-01-31,Wheatland,48,Appleton City,45
2026-01-31,Fordland,46,Ava,32
2026-01-31,Eugene,32,Belle,44
2026-01-31,Madison,52,Bevier,30
2026-01-31,Linn,59,Blair Oaks,53
2026-01-31,Jamestown,59,Brunswick,44
2026-01-31,Tina-Avalon,39,Bucklin with Macon County,46
2026-01-31,Lone Jack,43,Butler,39
2026-01-31,Bolivar,64,Camdenton,41
2026-01-31,Holcomb,41,Campbell,33
2026-01-31,Glasgow,48,Carrollton,52
2026-01-31,Harrisburg,63,Centralia,55
2026-01-31,Willow Springs,40,Chadwick,32
2026-01-31,Delta,79,Chaffee,48
2026-01-31,Sacred Heart,36,Cole Camp,34
2026-01-31,New Franklin,36,Community,27
2026-01-31,Mansfield,44,Conway,29
2026-01-31,Knob Noster,53,Crest Ridge,40
2026-01-31,South Iron,25,El Dorado Springs,58
2026-01-31,Van-Far,44,Elsberry,40
2026-01-31,Thayer,78,Fair Grove,68
2026-01-31,Marshall,28,Fayette,40
2026-01-31,St. Michael the Archangel,49,Fort Osage,34
2026-01-31,Liberty (Mountain View),42,Gainesville,48
2026-01-31,Princeton,26,Gilman City with North Daviess,37
2026-01-31,Lincoln,27,Green Ridge,46
2026-01-31,North Shelby,68,Grundy County with Newtown-Harris,36
2026-01-31,Senath-Hornersville,48,Hayti,60
2026-01-31,St. Charles,56,Hazelwood East,26
2026-01-31,Lafayette (St. Joseph),68,Helias Catholic,45
2026-01-31,California,81,Iberia,65
2026-01-31,Tipton,30,Incarnate Word Academy,61
2026-01-31,Scott County Central,54,Kelly,66
2026-01-31,Northwest (Hughesville),65,La Monte,34
2026-01-31,Lathrop,63,Lafayette County,57
2026-01-31,Clopton,68,Louisiana,30
2026-01-31,South Pemiscot,32,Malden,62
2026-01-31,Mercer,35,Meadville,43
2026-01-31,Osceola,51,Montrose with Ballard,19
2026-01-31,Mid-Buchanan,50,Mound City,32
2026-01-31,Springfield Catholic,54,Mountain Grove,43
2026-01-31,East Carter,33,Neelyville,66
2026-01-31,Sullivan,44,North County,59
2026-01-31,West Platte,45,North Platte,60
2026-01-31,Richmond,53,Odessa,59
2026-01-31,Stover,61,Otterville,41
2026-01-31,Westran,57,Paris with Faith Walk,50
2026-01-31,St. Vincent,49,Perryville,29
2026-01-31,Father Tolton,80,Russellville,62
2026-01-31,South Harrison,41,Savannah,58
2026-01-31,University Academy Charter,37,Sherwood,27
2026-01-31,Winfield,55,Silex,38
2026-01-31,Santa Fe,44,Slater with Malta Bend,29
2026-01-31,Salisbury,38,South Callaway,44
2026-01-31,Buffalo,26,Southern Boone,44
2026-01-31,Laquey,38,Sparta,47
2026-01-31,Cuba,50,Steelville,43
2026-01-31,Cardinal Ritter,43,University City,56
2026-01-31,Faith Christian Academy,49,Wellington-Napoleon,29
2026-01-31,Northwestern (Mendon) with Keytesville,18,Wellsville-Middletown,26
2026-02-02,Lamar,30,Aurora,49
2026-02-02,Mountain Grove,51,Ava,43
2026-02-02,Valle Catholic with St. Paul Lutheran (Farmington),26,Bismarck,53
2026-02-02,Lee's Summit North,35,Blue Springs,57
2026-02-02,Raymore-Peculiar,45,Blue Springs South,52
2026-02-02,Marshfield,73,Bolivar,56
2026-02-02,Marshall,40,Boonville,75
2026-02-02,Chamois,21,Bourbon,65
2026-02-02,Carl Junction,42,Branson,64
2026-02-02,Columbia Independent,29,Bucklin with Macon County,55
2026-02-02,Harrisonville,37,Butler,43
2026-02-02,Notre Dame (Cape Girardeau),33,Central (Cape Girardeau),46
2026-02-02,Ste. Genevieve,52,Central (Park Hills),50
2026-02-02,Scott County Central,22,Chaffee,65
2026-02-02,Prairie Home,25,Christian Fellowship Sr.,43
2026-02-02,Reeds Spring,42,Clever,44
2026-02-02,Gateway Science Charter,28,Collegiate School of Med-Bio Science,32
2026-02-02,Bunceton,37,Community,77
2026-02-02,Saxony Lutheran,53,Dexter,49
2026-02-02,Hogan Prep Academy Charter,35,East Buchanan,78
2026-02-02,Verona,28,East Newton,64
2026-02-02,Seckman,24,Eureka,64
2026-02-02,Fair Play,55,Everton,41
2026-02-02,McAuley Catholic,57,Exeter,44
2026-02-02,North County,37,Farmington,33
2026-02-02,Salisbury,57,Fayette,46
2026-02-02,DeSoto,37,Festus,74
2026-02-02,Conway,17,Fordland,33
2026-02-02,Washington,31,Ft. Zumwalt South,50
2026-02-02,North Callaway,47,Fulton,40
2026-02-02,Belton,27,Grain Valley,70
2026-02-02,Hardin-Central,52,Hale with Bosworth,29
2026-02-02,Norwood,56,Hartville,29
2026-02-02,Portageville,79,Hayti,27
2026-02-02,Sullivan,33,Hermann,51
2026-02-02,Miami (Amoret),26,Hume,60
2026-02-02,Doniphan,37,Jackson,57
2026-02-02,Northeast Vernon County with Rich Hill,24,Jasper,35
2026-02-02,Grandview (Hillsboro),35,Jefferson (Festus),71
2026-02-02,Nixa,64,Joplin,41
2026-02-02,Sikeston,25,Kennett,58
2026-02-02,St. Elizabeth,48,Kirksville,56
2026-02-02,Lexington,33,Knob Noster,56
2026-02-02,Trenton,36,Lathrop,53
2026-02-02,Liberty North,61,Lee's Summit West,74
2026-02-02,Oak Park,66,Liberty,75
2026-02-02,Cabool,38,Liberty (Mountain View),80
2026-02-02,Central (St. Joseph),32,Lincoln College Prep,40
2026-02-02,West Plains,62,Logan-Rogersville,68
2026-02-02,Holcomb,41,Malden,76
2026-02-02,Dora,40,Mansfield,32
2026-02-02,Fox,61,Maplewood-Richmond Hts.,21
2026-02-02,Penney,26,Maysville,40
2026-02-02,Ritenour,28,McCluer North,42
2026-02-02,Mt. Vernon,44,McDonald County,69
2026-02-02,Rolla,55,MICDS,60
2026-02-02,Maryville,49,Mid-Buchanan,50
2026-02-02,Skyline,62,Miller,53
2026-02-02,Cassville,57,Monett,47
2026-02-02,Van-Far,37,Montgomery County,51
2026-02-02,Twin Rivers,59,Neelyville,67
2026-02-02,Ozark,71,Neosho,22
2026-02-02,Kearney,32,North Kansas City,66
2026-02-02,Parkway Central,54,Northwest (Cedar Hill),30
2026-02-02,Clinton,22,Oak Grove,58
2026-02-02,Hillsboro,55,Oakville,33
2026-02-02,Lawson,71,Orrick,10
2026-02-02,Newburg,35,Pacific,40
2026-02-02,Grandview,37,Park Hill South,59
2026-02-02,Lebanon,69,Parkview,35
2026-02-02,St. Francis Borgia,69,Parkway South,63
2026-02-02,Marionville,54,Pierce City,47
2026-02-02,Iberia,71,Plato,33
2026-02-02,Crane,59,Pleasant Hope,42
2026-02-02,Fredericktown,44,Potosi,68
2026-02-02,Greenwood,54,Purdy,18
2026-02-02,Scotland County,72,Putnam County,43
2026-02-02,Bloomfield with Richland (Essex),64,Puxico,45
2026-02-02,Winnetonka,49,Raytown South,30
2026-02-02,Glendale,44,Republic,47
2026-02-02,Willow Springs,48,Salem,40
2026-02-02,Galena,18,School of the Ozarks,51
2026-02-02,Green City,42,Schuyler County,49
2026-02-02,East Prairie,24,Scott City,73
2026-02-02,Nevada,49,Seneca,18
2026-02-02,Paris with Faith Walk,36,Silex,44
2026-02-02,Windsor,47,Smithton,53
2026-02-02,Excelsior Springs,34,Smithville,53
2026-02-02,Capital City,34,Southern Boone,49
2026-02-02,Billings with Hurley,41,Spokane,64
2026-02-02,Forsyth,34,Springfield Catholic,47
2026-02-02,Cuba,60,St. Clair,36
2026-02-02,Licking,31,St. James,50
2026-02-02,Northland Christian,28,St. Michael the Archangel,41
2026-02-02,Hickman,69,St. Vincent,41
2026-02-02,Lee's Summit,34,Staley,81
2026-02-02,Crocker,69,Stoutland,49
2026-02-02,Houston,32,Thayer,84
2026-02-02,Meadville,69,Tina-Avalon,35
2026-02-02,University City,59,Union,24
2026-02-02,Arcadia Valley,79,Valley,9
2026-02-02,Odessa,67,Van Horn,25
2026-02-02,Normandy Collaborative,44,Vashon,19
2026-02-02,Eldon,57,Versailles,46
2026-02-02,Steelville,50,Vienna,62
2026-02-02,Kickapoo,64,Webb City,51
2026-02-02,Kingston,11,West County,84
2026-02-02,South Holt,23,West Platte,52
2026-02-02,Central (Springfield),27,Willard,64
2026-02-02,Ruskin,29,William Chrisman,53
2026-02-03,Liberal,31,Appleton City,56
2026-02-03,Miller,58,Ash Grove,52
2026-02-03,Canton,52,Atlanta,16
2026-02-03,Hartville,53,Ava,39
2026-02-03,Smith-Cotton,41,Battle,43
2026-02-03,Salem,38,Belle,46
2026-02-03,Osage,63,Blair Oaks,55
2026-02-03,Knox County,61,Brashear,41
2026-02-03,Polo,24,Brookfield,49
2026-02-03,Hollister,35,Buffalo,49
2026-02-03,Bismarck,54,Bunker,45
2026-02-03,Eldon,40,California,68
2026-02-03,Vienna,64,Calvary Lutheran,50
2026-02-03,Benton,63,Cameron,20
2026-02-03,Cor Jesu Academy,63,Cardinal Ritter,49
2026-02-03,Holden,18,Carrollton,59
2026-02-03,Waynesville,44,Carthage,30
2026-02-03,Pleasant Hill,61,Center,17
2026-02-03,Palmyra,54,Clark County,28
2026-02-03,Reeds Spring,42,Clever,44
2026-02-03,Richland,63,Climax Springs,15
2026-02-03,Wellington-Napoleon,50,Concordia,56
2026-02-03,Orrick,8,Crest Ridge,63
2026-02-03,Valle Catholic with St. Paul Lutheran (Farmington),58,Crystal City,47
2026-02-03,Walnut Grove,57,Dadeville,14
2026-02-03,Seneca,56,Diamond,53
2026-02-03,Archie,53,Drexel,30
2026-02-03,Clinton,13,El Dorado Springs,53
2026-02-03,Cabool,39,Ellington,58
2026-02-03,Wellsville-Middletown,6,Elsberry,47
2026-02-03,Greenfield with Golden City,63,Everton,33
2026-02-03,Camdenton,88,Father Tolton,91
2026-02-03,Platte County,45,Fort Osage,50
2026-02-03,Troy Buchanan,70,Francis Howell,38
2026-02-03,Francis Howell North,28,Francis Howell Central,37
2026-02-03,Timberland,25,Ft. Zumwalt North,48
2026-02-03,Milan,42,Gallatin,46
2026-02-03,Sacred Heart,30,Green Ridge,45
2026-02-03,Gilman City with North Daviess,39,Grundy County with Newtown-Harris,50
2026-02-03,Tina-Avalon,53,Hale with Bosworth,20
2026-02-03,Tipton,67,Harrisburg,38
2026-02-03,Warrensburg,49,Harrisonville,42
2026-02-03,Fair Play,42,Hermitage,38
2026-02-03,Brunswick,60,Higbee,63
2026-02-03,North Callaway,10,Highland,61
2026-02-03,Parkway West,52,Holt,63
2026-02-03,John Burroughs,30,Incarnate Word Academy,75
2026-02-03,Bloomfield with Richland (Essex),48,Kelly,41
2026-02-03,Marion County,38,La Plata,46
2026-02-03,St. Dominic,61,Ladue Horton Watkins,54
2026-02-03,Richmond,32,Lafayette County,46
2026-02-03,Midway,51,Lakeland,44
2026-02-03,Conway,34,Laquey,55
2026-02-03,Oak Grove,57,Lawson,47
2026-02-03,Mansfield,44,Liberty (Mountain View),58
2026-02-03,Ft. Zumwalt West,44,Liberty (Wentzville),48
2026-02-03,Alton,36,Licking,40
2026-02-03,Mehlville,25,Lindbergh,40
2026-02-03,Bucklin with Macon County,71,Linn County,31
2026-02-03,Stockton,25,Lockwood,55
2026-02-03,Clopton,67,Louisiana,55
2026-02-03,Whitfield,1,Lutheran North,0
2026-02-03,Principia,69,Lutheran South,28
2026-02-03,Centralia,74,Macon,25
2026-02-03,Wright City,51,Mark Twain,75
2026-02-03,Lafayette (Wildwood),43,Marquette,68
2026-02-03,Hannibal,47,Moberly,57
2026-02-03,South Shelby,57,Monroe City,43
2026-02-03,DeKalb,27,Mound City,56
2026-02-03,Kirkwood,51,Nerinx Hall,26
2026-02-03,Linn,61,New Bloomfield,12
2026-02-03,Fatima,51,New Franklin,46
2026-02-03,Chamois,11,New Haven,50
2026-02-03,King City,41,North Andrew,34
2026-02-03,Albany,45,North Harrison,40
2026-02-03,St. Joseph Christian,37,North Platte,41
2026-02-03,Ewing Marion Kauffman,43,Northeast (Kansas City),12
2026-02-03,Chilhowee,55,Northeast Vernon County with Rich Hill,37
2026-02-03,Stover,46,Northwest (Hughesville),55
2026-02-03,Rosati-Kain,18,Notre Dame (St. Louis),60
2026-02-03,Jefferson (Festus),46,Oak Ridge,59
2026-02-03,St. Charles West,42,Orchard Farm,41
2026-02-03,West Nodaway with Nodaway-Holt,46,Osborn with Stewartsville,35
2026-02-03,St. Pius X (Festus),53,Owensville,21
2026-02-03,Duchesne,40,Parkway Central,48
2026-02-03,Worth County,62,Pattonsburg,38
2026-02-03,Ft. Zumwalt East,40,Pattonville,55
2026-02-03,Woodland,33,Perryville,49
2026-02-03,Stanberry,49,Princeton,37
2026-02-03,East Carter,53,Puxico,54
2026-02-03,Grain Valley,78,Raytown,47
2026-02-03,Believe Acad Charter,0,Ritenour,2
2026-02-03,Fayette,28,Russellville,66
2026-02-03,Lone Jack,55,Santa Fe,44
2026-02-03,West Platte,36,Savannah,62
2026-02-03,New Covenant Academy,70,School of the Ozarks,49
2026-02-03,Sweet Springs,16,Slater with Malta Bend,32
2026-02-03,Eugene,59,South Callaway,58
2026-02-03,Rock Port,50,South Nodaway with Jefferson (Conception),33
2026-02-03,Forsyth,62,Spokane,56
2026-02-03,Winfield,35,St. Charles,46
2026-02-03,St. Teresa's Academy,60,St. Michael the Archangel,47
2026-02-03,Kingsville,28,St. Paul Lutheran (Concordia),57
2026-02-03,Crocker,64,Steelville,36
2026-02-03,Dixon,70,Stoutland,60
2026-02-03,Fair Grove,28,Strafford,62
2026-02-03,Westran,52,Sturgeon,14
2026-02-03,North Nodaway,34,Tarkio with Fairfax,37
2026-02-03,Marceline,45,Trenton,11
2026-02-03,Jamestown,57,Tuscumbia,25
2026-02-03,Northeast Nodaway,38,Union Star,57
2026-02-03,Summit Christian Academy,39,University Academy Charter,46
2026-02-03,Villa Duchesne,65,Valley Park,29
2026-02-03,Lesterville,24,Van Buren,56
2026-02-03,Miller Career Academy with Sumner,69,Vashon,22
2026-02-03,Ursuline Academy,79,Visitation Academy,36
2026-02-03,St. Clair,51,Warrenton,42
2026-02-03,Adrian,54,Warsaw,44
2026-02-03,Humansville,25,Weaubleau,51
2026-02-03,Rock Bridge,67,Webster Groves,24
2026-02-03,Halfway,24,Wheatland,70
2026-02-03,Southwest (Washburn),56,Wheaton,30
2026-02-03,Mercer,46,Winston,26
2026-02-04,Koshkonong,38,Bakersfield,61
2026-02-04,Platte County,54,Belton,42
2026-02-04,North Platte,33,Bishop LeBlond,40
2026-02-04,Marion C. Early,45,Buffalo,39
2026-02-04,Sherwood,38,Butler,69
2026-02-04,Lamar,36,Cassville,61
2026-02-04,Kelly,55,Charleston,63
2026-02-04,Versailles,21,Chillicothe,64
2026-02-04,Pilot Grove,12,Concordia,52
2026-02-04,St. Joseph's Academy,53,Cor Jesu Academy,55
2026-02-04,Van Buren,41,Dora,44
2026-02-04,Lutheran North,37,Duchesne,64
2026-02-04,Miller,67,El Dorado Springs,33
2026-02-04,Ft. Zumwalt South,38,Eureka,49
2026-02-04,North County,63,Fredericktown,40
2026-02-04,Normandy Collaborative,32,Gateway Science Charter,47
2026-02-04,Kearney,38,Grandview,50
2026-02-04,Naylor,53,Greenville,68
2026-02-04,McAuley Catholic,32,Greenwood,51
2026-02-04,Higbee,77,Hardin-Central,49
2026-02-04,Believe Acad Charter,6,Hazelwood Central,87
2026-02-04,Windsor (Imperial),41,Hazelwood East,40
2026-02-04,Northwest (Cedar Hill),34,Hazelwood West,78
2026-02-04,Louisiana,30,Highland,59
2026-02-04,Sheldon,33,Humansville,41
2026-02-04,Metro,28,Jennings,52
2026-02-04,Arcadia Valley,90,Kingston,16
2026-02-04,Lee's Summit West,89,Lee's Summit North,32
2026-02-04,Norwood,56,Logan-Rogersville,62
2026-02-04,Affton,18,McCluer North,54
2026-02-04,Prairie Home,36,New Bloomfield,21
2026-02-04,Park Hill South,48,North Kansas City,58
2026-02-04,South Shelby,36,Northeast (Cairo),43
2026-02-04,Villa Duchesne,45,Notre Dame (St. Louis),49
2026-02-04,St. Pius X (Kansas City),51,Oak Park,71
2026-02-04,Whitfield,46,Parkway Central,27
2026-02-04,Union,46,Parkway South,73
2026-02-04,Exeter,51,Purdy,30
2026-02-04,Green City,55,Putnam County,62
2026-02-04,Raytown,55,Ruskin,26
2026-02-04,Scotland County,41,Schuyler County,51
2026-02-04,Washington,42,Seckman,53
2026-02-04,Dexter,44,Sikeston,58
2026-02-04,Bowling Green,26,Silex,56
2026-02-04,Osborn with Stewartsville,20,South Holt,24
2026-02-04,Kirksville,48,Southern Boone,32
2026-02-04,Cainsville with Ridgeway,57,Southwest (Livingston County) with Breckenridge,26
2026-02-04,Helias Catholic,52,St. Dominic,56
2026-02-04,Capital City,47,St. Elizabeth,59
2026-02-04,Bunker,47,St. James,35
2026-02-04,McCluer,15,STEAM Academy,91
2026-02-04,Bourbon,12,Steelville,54
2026-02-04,New Heights Christian,63,Thomas Jefferson Independent Day,31
2026-02-04,St. Francis Borgia,55,University City,63
2026-02-04,Grandview (Hillsboro),42,Valley,20
2026-02-04,Rosati-Kain,20,Valley Park,53
2026-02-04,Pembroke Hill,45,Van Horn,20
2026-02-04,Paris with Faith Walk,54,Van-Far,35
2026-02-04,Raytown South,49,William Chrisman,44
2026-02-05,Jennings,58,Affton,17
2026-02-05,Cassville,42,Ash Grove,61
2026-02-05,Marion County,59,Atlanta,33
2026-02-05,Seneca,25,Aurora,57
2026-02-05,Willow Springs,60,Ava,42
2026-02-05,Jefferson (Festus),40,Bismarck,77
2026-02-05,Chadwick,35,Blue Eye,32
2026-02-05,Lee's Summit North,47,Blue Springs South,57
2026-02-05,Brookfield,27,Brunswick,52
2026-02-05,Licking,26,Bunker,51
2026-02-05,Smith-Cotton,60,California,64
2026-02-05,South Callaway,37,Calvary Lutheran,48
2026-02-05,La Plata,57,Canton,38
2026-02-05,Parkview,20,Carthage,57
2026-02-05,Lincoln College Prep,58,Center,33
2026-02-05,Central (New Madrid County),42,Central (Cape Girardeau),57
2026-02-05,Montgomery County,26,Clopton,67
2026-02-05,Lincoln,36,Cole Camp,45
2026-02-05,Climax Springs,40,Conway,29
2026-02-05,Dixon,30,Crocker,46
2026-02-05,St. Vincent,89,Crystal City,26
2026-02-05,Neelyville,54,Delta,60
2026-02-05,Doniphan,71,Dexter,23
2026-02-05,Naylor,36,Ellington,58
2026-02-05,Springfield Catholic,39,Fair Grove,47
2026-02-05,Central (Park Hills),26,Farmington,56
2026-02-05,Chamois,12,Fatima,65
2026-02-05,Gainesville,33,Fordland,22
2026-02-05,Visitation Academy,39,Ft. Zumwalt North,46
2026-02-05,Savannah,65,Gallatin,18
2026-02-05,Salisbury,31,Glasgow,40
2026-02-05,Willard,51,Glendale,50
2026-02-05,Central (St. Joseph),30,Grandview,56
2026-02-05,Herculaneum,35,Grandview (Hillsboro),18
2026-02-05,Bloomfield with Richland (Essex),46,Greenville,54
2026-02-05,Walnut Grove,69,Halfway,25
2026-02-05,Boonville,78,Hallsville,24
2026-02-05,Wellington-Napoleon,55,Hardin-Central,43
2026-02-05,Dora,28,Hartville,39
2026-02-05,Camdenton,46,Helias Catholic,80
2026-02-05,Rolla,50,Hickman,73
2026-02-05,Bolivar,42,Hillcrest,57
2026-02-05,Festus,33,Hillsboro,59
2026-02-05,Belle,48,Iberia,75
2026-02-05,Hannibal,38,Jefferson City,67
2026-02-05,Chaffee,64,Kelly,35
2026-02-05,East Carter,35,Kennett,72
2026-02-05,Brentwood,58,KIPP St. Louis Sr.,25
2026-02-05,Otterville,47,La Monte,36
2026-02-05,Lafayette (Wildwood),52,Ladue Horton Watkins,63
2026-02-05,McDonald County,72,Lamar,30
2026-02-05,Central (Springfield),47,Lebanon,57
2026-02-05,Houston,45,Liberty (Mountain View),61
2026-02-05,Blue Springs,17,Liberty North,56
2026-02-05,Milan,35,Macon,42
2026-02-05,Columbia Independent,21,Madison,58
2026-02-05,Portageville,52,Malden,35
2026-02-05,Ritenour,23,Maplewood-Richmond Hts.,36
2026-02-05,Westran,54,Marceline,53
2026-02-05,Diamond,36,Marionville,77
2026-02-05,Branson,31,Marshfield,63
2026-02-05,STEAM Academy,70,Miller Career Academy with Sumner,38
2026-02-05,Hume,45,Montrose with Ballard,17
2026-02-05,Cabool,24,Mountain Grove,60
2026-02-05,East Newton,38,Mt. Vernon,50
2026-02-05,Joplin,63,Neosho,27
2026-02-05,Monett,34,Nevada,56
2026-02-05,Plato,38,Newburg,44
2026-02-05,New Covenant Academy,60,Niangua,39
2026-02-05,Waynesville,32,Nixa,60
2026-02-05,Elsberry,58,North Callaway,31
2026-02-05,Lakeland,69,Northeast Vernon County with Rich Hill,62
2026-02-05,Harrisonville,21,Oak Grove,58
2026-02-05,Kickapoo,59,Ozark,43
2026-02-05,St. James,45,Pacific,26
2026-02-05,Rockwood Summit,45,Pattonville,31
2026-02-05,Lone Jack,24,Pembroke Hill,38
2026-02-05,DeSoto,34,Perryville,68
2026-02-05,Ruskin,12,Platte County,62
2026-02-05,Dadeville,54,Pleasant Hope,22
2026-02-05,Jackson,80,Poplar Bluff,15
2026-02-05,Staley,72,Raymore-Peculiar,29
2026-02-05,Eldon,50,Richland,63
2026-02-05,Thayer,57,Salem,39
2026-02-05,Scott City,41,Scott County Central,39
2026-02-05,Adrian,31,Skyline,56
2026-02-05,Maryville,56,Smithville,48
2026-02-05,Mid-Buchanan,38,South Harrison,31
2026-02-05,Kingston,15,South Iron,78
2026-02-05,Linn County,38,Southwest (Livingston County) with Breckenridge,33
2026-02-05,Arcadia Valley,40,St. Pius X (Festus),48
2026-02-05,Pattonsburg,39,Stanberry,57
2026-02-05,Pierce City,58,Stockton,24
2026-02-05,Laquey,52,Stoutland,54
2026-02-05,West County,58,Valle Catholic with St. Paul Lutheran (Farmington),64
2026-02-05,North Point,58,Veritas Christian Academy,22
2026-02-05,Jamestown,47,Vienna,45
2026-02-05,Republic,50,Webb City,43
2026-02-05,Sturgeon,47,Wellsville-Middletown,50
2026-02-05,Ste. Genevieve,54,Windsor (Imperial),39
2026-02-05,Gilman City with North Daviess,55,Winston,32
2026-02-05,Sikeston,61,Woodland,27
2026-02-05,Silex,57,Wright City,24
2026-02-06,Sherwood,35,Adrian,54
2026-02-06,Riverview Gardens,50,Affton,12
2026-02-06,Archie,52,Appleton City,40
2026-02-06,University Academy Charter,21,Barstow,46
2026-02-06,Father Tolton,62,Battle,51
2026-02-06,Chillicothe,26,Benton,74
2026-02-06,Linn County,23,Bevier,43
2026-02-06,Crane,52,Billings with Hurley,29
2026-02-06,Monroe City,59,Bowling Green,18
2026-02-06,Polo,27,Braymer,23
2026-02-06,Naylor,60,Campbell,54
2026-02-06,Scotland County,55,Canton,58
2026-02-06,St. Joseph's Academy,67,Cardinal Ritter,41
2026-02-06,Logan-Rogersville,59,Carl Junction,42
2026-02-06,Sarcoxie,53,Central (Springfield),45
2026-02-06,Bronaugh,34,Chilhowee,57
2026-02-06,Macon,59,Clark County,27
2026-02-06,Hermitage,32,Climax Springs,44
2026-02-06,Warsaw,51,Clinton,47
2026-02-06,Otterville,31,Cole Camp,52
2026-02-06,Confluence Prep Academy Charter with Grand Center Arts Charter,50,Collegiate School of Med-Bio Science,62
2026-02-06,Believe Acad Charter,0,Collegiate School of Med-Bio Science,2
2026-02-06,Sweet Springs,32,Concordia,48
2026-02-06,Bakersfield,35,Couch,60
2026-02-06,Santa Fe,19,Crest Ridge,48
2026-02-06,Jefferson (Festus),70,Crystal City,45
2026-02-06,South Nodaway with Jefferson (Conception),39,DeKalb,40
2026-02-06,Liberal,37,Drexel,44
2026-02-06,Fayette,39,Eugene,52
2026-02-06,Niangua,28,Fair Play,46
2026-02-06,Reeds Spring,55,Forsyth,27
2026-02-06,Grain Valley,61,Fort Osage,42
2026-02-06,Francis Howell,69,Francis Howell North,46
2026-02-06,Marshall,51,Fulton,48
2026-02-06,Southwest (Washburn),60,Galena,13
2026-02-06,Cainsville with Ridgeway,16,Gilman City with North Daviess,69
2026-02-06,Winston,21,Grundy County with Newtown-Harris,51
2026-02-06,Weaubleau,46,Halfway,47
2026-02-06,Bayless,17,Hancock,16
2026-02-06,Fox,13,Hazelwood Central,76
2026-02-06,Mehlville,24,Hazelwood West,61
2026-02-06,Centralia,34,Highland,30
2026-02-06,Richmond,31,Holden,51
2026-02-06,Strafford,83,Hollister,24
2026-02-06,St. Charles West,53,Holt,49
2026-02-06,Dadeville,55,Humansville,29
2026-02-06,Rock Bridge,57,Incarnate Word Academy,84
2026-02-06,Bunceton,26,Jamestown,59
2026-02-06,St. Pius X (Kansas City),43,Kearney,62
2026-02-06,Ewing Marion Kauffman,38,KIPP KC Legacy,13
2026-02-06,Capital City,44,Kirksville,61
2026-02-06,Lindbergh,25,Kirkwood,51
2026-02-06,Fordland,62,Koshkonong,48
2026-02-06,Lincoln,37,La Monte,33
2026-02-06,Cameron,7,Lafayette (St. Joseph),75
2026-02-06,Knob Noster,54,Lafayette County,60
2026-02-06,East Buchanan,45,Lathrop,55
2026-02-06,Plattsburg,34,Lawson,57
2026-02-06,Lee's Summit West,78,Lee's Summit,44
2026-02-06,West County,53,Lesterville,21
2026-02-06,Carrollton,49,Lexington,27
2026-02-06,Park Hill South,69,Liberty,63
2026-02-06,Francis Howell Central,59,Liberty (Wentzville),23
2026-02-06,Harrisburg,67,Linn,39
2026-02-06,Wellsville-Middletown,23,Louisiana,69
2026-02-06,Rosati-Kain,15,Lutheran North,49
2026-02-06,Tipton,42,Lutheran St. Charles,61
2026-02-06,Maysville,19,Marceline,53
2026-02-06,Spokane,61,Marion C. Early,58
2026-02-06,Novinger,18,Meadville,60
2026-02-06,Bishop DuBourg,34,Metro,44
2026-02-06,Northeast Vernon County with Rich Hill,61,Miami (Amoret),43
2026-02-06,Clayton,40,MICDS,57
2026-02-06,West Platte,11,Mid-Buchanan,44
2026-02-06,Kingsville,24,Milan,45
2026-02-06,Lockwood,41,Miller,66
2026-02-06,Gateway with Soldan International Studies,8,Miller Career Academy with Sumner,53
2026-02-06,Mexico,65,Moberly,53
2026-02-06,Clever,43,Monett,44
2026-02-06,Northeast (Cairo),51,New Franklin,40
2026-02-06,STEAM Academy,71,Normandy Collaborative,19
2026-02-06,North Andrew,47,North Harrison,46
2026-02-06,Mound City,66,North Nodaway,26
2026-02-06,Penney,29,North Platte,59
2026-02-06,Tarkio with Fairfax,45,Northeast Nodaway,33
2026-02-06,Bucklin with Macon County,70,Northwestern (Mendon) with Keytesville,16
2026-02-06,Whitfield,54,Notre Dame (St. Louis),20
2026-02-06,Grandview,42,Oak Park,63
2026-02-06,St. Charles,34,Orchard Farm,48
2026-02-06,Lone Jack,55,Orrick,12
2026-02-06,Union Star,39,Osborn with Stewartsville,23
2026-02-06,Jasper,18,Osceola,54
2026-02-06,Hermann,38,Owensville,27
2026-02-06,South Shelby,60,Palmyra,40
2026-02-06,Knox County,31,Paris with Faith Walk,43
2026-02-06,Buffalo,39,Parkview,35
2026-02-06,Villa Duchesne,20,Parkway Central,31
2026-02-06,Seckman,59,Parkway South,61
2026-02-06,DeLaSalle Charter (KC),2,Paseo Academy,43
2026-02-06,King City,40,Pattonsburg,21
2026-02-06,Community,62,Pilot Grove,33
2026-02-06,Odessa,68,Pleasant Hill,49
2026-02-06,Glasgow,67,Prairie Home,34
2026-02-06,Albany,41,Princeton,31
2026-02-06,Marion County,66,Putnam County,33
2026-02-06,Lebanon,17,Republic,82
2026-02-06,West Nodaway with Nodaway-Holt,45,Rock Port,69
2026-02-06,Bishop LeBlond,36,Savannah,59
2026-02-06,Notre Dame (Cape Girardeau),37,Saxony Lutheran,47
2026-02-06,Bloomfield with Richland (Essex),36,Scott City,53
2026-02-06,Russellville,53,South Callaway,34
2026-02-06,St. Elizabeth,51,Southern Boone,42
2026-02-06,Mansfield,22,Sparta,63
2026-02-06,Sullivan,47,St. Clair,34
2026-02-06,Worth County,32,St. Joseph Christian,38
2026-02-06,Pembroke Hill,32,St. Michael the Archangel,37
2026-02-06,Farmington,40,St. Vincent,44
2026-02-06,Trenton,29,Stanberry,43
2026-02-06,Van Horn,36,Summit Christian Academy,23
2026-02-06,Ft. Zumwalt East,19,Timberland,56
2026-02-06,Mercer,32,Tri-County,25
2026-02-06,Ft. Zumwalt West,36,Troy Buchanan,64
2026-02-06,William Chrisman,48,Truman,54
2026-02-06,Duchesne,54,Valley Park,36
2026-02-06,Alton,55,Van Buren,43
2026-02-06,Mark Twain,32,Van-Far,40
2026-02-06,New Covenant Academy,66,Verona,58
2026-02-06,Osage,60,Versailles,27
2026-02-06,Smith-Cotton,65,Warrensburg,55
2026-02-06,John Burroughs,65,Webster Groves,28
2026-02-06,St. Paul Lutheran (Concordia),45,Wellington-Napoleon,48
2026-02-06,North Point,46,Westminster Christian Academy,31
2026-02-06,Macks Creek,31,Wheatland,65
2026-02-06,School of the Ozarks,50,Wheaton,54
2026-02-06,Warrenton,44,Winfield,41
2026-02-06,Silex,57,Wright City,25
2026-02-07,Helias Catholic,67,Blair Oaks,37
2026-02-07,John Burroughs,69,Cardinal Ritter,47
2026-02-07,Liberty (Mountain View),35,Chadwick,58
2026-02-07,Greenville,55,Clearwater,52
2026-02-07,Otterville,31,Cole Camp,52
2026-02-07,Incarnate Word Academy,72,Cor Jesu Academy,19
2026-02-07,Higbee,74,Delta,93
2026-02-07,Stockton,39,Diamond,32
2026-02-07,East Carter,25,Doniphan,71
2026-02-07,University City,46,Eureka,42
2026-02-07,Valley,18,Fredericktown,73
2026-02-07,St. Francis Borgia,64,Ft. Zumwalt South,68
2026-02-07,Northwest (Hughesville),44,Green Ridge,43
2026-02-07,New Heights Christian,35,Greenwood,53
2026-02-07,Macks Creek,32,Houston,42
2026-02-07,Lift for Life Academy Charter,54,Jefferson City,50
2026-02-07,Central (Park Hills),72,Kingston,23
2026-02-07,Puxico,38,Neelyville,57
2026-02-07,Seckman,59,Parkway South,61
2026-02-07,New Bloomfield,30,Russellville,70
2026-02-07,La Plata,46,Schuyler County,43
2026-02-07,Ursuline Academy,44,St. Dominic,58
2026-02-07,Rock Bridge,60,St. Joseph's Academy,30
2026-02-07,West County,58,Ste. Genevieve,45
2026-02-07,Sacred Heart,33,Stover,58
2026-02-07,McAuley Catholic,52,Thomas Jefferson Independent Day,45
2026-02-07,Naylor,34,Twin Rivers,49
2026-02-07,Washington,42,Union,43
2026-02-07,Hermitage,30,Walnut Grove,78
2026-02-09,Nevada,48,Adrian,36
2026-02-09,Normandy Collaborative,54,Affton,39
2026-02-09,Thayer,64,Alton,54
2026-02-09,Veritas Christian Academy,54,Bayless,15
2026-02-09,Fort Osage,42,Belton,36
2026-02-09,Gateway Science Charter,24,Bishop DuBourg,32
2026-02-09,Arcadia Valley,58,Bismarck,54
2026-02-09,Southwest (Washburn),43,Blue Eye,58
2026-02-09,Lee's Summit,60,Blue Springs South,39
2026-02-09,West Plains,81,Bolivar,66
2026-02-09,Crystal City,49,Bourbon,40
2026-02-09,Logan-Rogersville,65,Branson,40
2026-02-09,Mercer,42,Braymer,10
2026-02-09,Fayette,54,Brookfield,29
2026-02-09,Southwest (Livingston County) with Breckenridge,13,Brunswick,74
2026-02-09,Liberty (Mountain View),45,Bunker,71
2026-02-09,Grundy County with Newtown-Harris,59,Cainsville with Ridgeway,18
2026-02-09,Skyline,73,California,51
2026-02-09,Maryville,66,Cameron,23
2026-02-09,East Newton,46,Cassville,61
2026-02-09,Glendale,60,Central (Springfield),27
2026-02-09,Delta,73,Chaffee,67
2026-02-09,South Callaway,45,Christian Fellowship Sr.,22
2026-02-09,Center,44,Clinton,47
2026-02-09,Wellsville-Middletown,8,Clopton,85
2026-02-09,Odessa,65,Crest Ridge,57
2026-02-09,Jasper,49,Diamond,45
2026-02-09,Calvary Lutheran,39,Dixon,61
2026-02-09,Greenville,30,Doniphan,69
2026-02-09,Senath-Hornersville,50,East Carter,45
2026-02-09,Malden,61,East Prairie,14
2026-02-09,Boonville,77,Eldon,24
2026-02-09,Bowling Green,16,Elsberry,43
2026-02-09,Weaubleau,51,Everton,42
2026-02-09,West County,49,Farmington,71
2026-02-09,Laquey,33,Fordland,28
2026-02-09,Hillsboro,54,Fox,23
2026-02-09,Humansville,45,Galena,37
2026-02-09,Albany,51,Gallatin,25
2026-02-09,Bevier,11,Green City,58
2026-02-09,Higbee,98,Hale with Bosworth,10
2026-02-09,McAuley Catholic,41,Halfway,50
2026-02-09,Blair Oaks,57,Hallsville,30
2026-02-09,St. Vincent,85,Herculaneum,20
2026-02-09,Camdenton,50,Hickman,75
2026-02-09,Carl Junction,37,Hillcrest,52
2026-02-09,Hartville,56,Houston,42
2026-02-09,Capital City,42,Jefferson City,84
2026-02-09,Central (Cape Girardeau),45,Kennett,59
2026-02-09,Nixa,61,Kickapoo,63
2026-02-09,Richmond,37,Knob Noster,52
2026-02-09,Sturgeon,33,La Plata,49
2026-02-09,St. Pius X (Festus),44,Lafayette (Wildwood),49
2026-02-09,Mt. Vernon,74,Lamar,54
2026-02-09,DeLaSalle Charter (KC),2,Lathrop,76
2026-02-09,Ozark,66,Lebanon,26
2026-02-09,Staley,85,Lee's Summit North,23
2026-02-09,Blue Springs,28,Lee's Summit West,75
2026-02-09,Kingsville,47,Leeton,14
2026-02-09,Raymore-Peculiar,52,Liberty North,57
2026-02-09,Notre Dame (St. Louis),41,Lindbergh,57
2026-02-09,Ash Grove,57,Lockwood,51
2026-02-09,Conway,26,Mansfield,39
2026-02-09,Knox County,42,Marion County,35
2026-02-09,Mexico,49,Marshall,40
2026-02-09,Pattonville,59,McCluer,39
2026-02-09,Miami (Amoret),18,Midway,51
2026-02-09,Stockton,30,Miller,68
2026-02-09,Aurora,48,Monett,59
2026-02-09,Worth County,37,Mound City,46
2026-02-09,Gainesville,60,New Covenant Academy,26
2026-02-09,St. Clair,39,New Haven,38
2026-02-09,Licking,50,Newburg,45
2026-02-09,Pleasant Hope,39,Niangua,36
2026-02-09,Wright City,43,North Callaway,40
2026-02-09,Salisbury,42,North Shelby,55
2026-02-09,Linn,59,Northeast (Cairo),67
2026-02-09,Ava,42,Norwood,65
2026-02-09,Dexter,30,Notre Dame (Cape Girardeau),34
2026-02-09,Hermann,32,Pacific,25
2026-02-09,Central (St. Joseph),31,Park Hill,61
2026-02-09,Willard,64,Parkview,27
2026-02-09,Orchard Farm,53,Parkway West,46
2026-02-09,Windsor (Imperial),23,Perryville,61
2026-02-09,Sarcoxie,52,Pierce City,63
2026-02-09,Campbell,31,Poplar Bluff,56
2026-02-09,Saxony Lutheran,46,Portageville,76
2026-02-09,Jackson,43,Principia,49
2026-02-09,Princeton,52,Putnam County,32
2026-02-09,William Chrisman,53,Raytown,24
2026-02-09,Excelsior Springs,67,Raytown South,27
2026-02-09,Fair Grove,23,Reeds Spring,26
2026-02-09,Neosho,19,Republic,80
2026-02-09,Cuba,62,Salem,41
2026-02-09,Oak Ridge,62,Scott City,56
2026-02-09,McDonald County,61,Seneca,39
2026-02-09,Stanberry,48,South Harrison,53
2026-02-09,Osage,65,Southern Boone,40
2026-02-09,Hollister,45,Springfield Catholic,51
2026-02-09,Iberia,56,St. Elizabeth,74
2026-02-09,Oakville,53,St. Francis Borgia,50
2026-02-09,Owensville,26,St. James,46
2026-02-09,Barstow,29,St. Michael the Archangel,52
2026-02-09,Lincoln College Prep,34,St. Teresa's Academy,55
2026-02-09,Carrollton,45,Sweet Springs,15
2026-02-09,Ruskin,12,Truman,44
2026-02-09,Stoutland,73,Tuscumbia,56
2026-02-09,Neelyville,23,Twin Rivers,56
2026-02-09,Sullivan,35,Union,33
2026-02-09,Guadalupe Centers Charter,4,University Academy Charter,45
2026-02-09,Hazelwood West,37,University City,45
2026-02-09,Festus,67,Valle Catholic with St. Paul Lutheran (Farmington),25
2026-02-09,Brentwood,52,Valley Park,46
2026-02-09,Eugene,46,Van-Far,51
2026-02-09,Greenwood,77,Verona,16
2026-02-09,Bunceton,26,Vienna,64
2026-02-09,Oak Grove,67,Warrensburg,47
2026-02-09,Rolla,70,Waynesville,43
2026-02-10,Jasper,31,Appleton City,59
2026-02-10,Marionville,52,Ash Grove,38
2026-02-10,Brashear,38,Atlanta,29
2026-02-10,Brentwood,47,Bayless,37
2026-02-10,Newburg,31,Belle,45
2026-02-10,Lafayette (St. Joseph),42,Benton,54
2026-02-10,Bucklin with Macon County,49,Bevier,38
2026-02-10,East Prairie,14,Bloomfield with Richland (Essex),73
2026-02-10,Miami (Amoret),40,Bronaugh,48
2026-02-10,Meadville,46,Brookfield,35
2026-02-10,El Dorado Springs,29,Butler,59
2026-02-10,Couch,67,Cabool,37
2026-02-10,Bishop LeBlond,35,Cameron,46
2026-02-10,Scott County Central,54,Campbell,61
2026-02-10,Webb City,68,Carthage,46
2026-02-10,Hogan Prep Academy Charter,39,Center,63
2026-02-10,School of the Ozarks,33,Chadwick,67
2026-02-10,Forsyth,24,Clever,53
2026-02-10,La Monte,37,Cole Camp,52
2026-02-10,Lutheran St. Charles,56,Cor Jesu Academy,51
2026-02-10,Greenwood,57,Crane,35
2026-02-10,Climax Springs,23,Crocker,58
2026-02-10,Tarkio with Fairfax,37,DeKalb,50
2026-02-10,Portageville,73,Delta,77
2026-02-10,Laquey,40,Dixon,50
2026-02-10,Billings with Hurley,68,Everton,52
2026-02-10,Wheatland,42,Fair Play,20
2026-02-10,Lutheran (Kansas City),42,Faith Christian Academy,48
2026-02-10,Herculaneum,44,Fox,72
2026-02-10,Liberty (Wentzville),34,Francis Howell North,49
2026-02-10,North County,59,Fredericktown,35
2026-02-10,Ft. Zumwalt North,72,Ft. Zumwalt East,20
2026-02-10,Spokane,71,Galena,31
2026-02-10,Platte County,40,Grain Valley,65
2026-02-10,Smithville,40,Grandview,51
2026-02-10,Ellington,71,Grandview (Hillsboro),28
2026-02-10,Northwestern (Mendon) with Keytesville,22,Hardin-Central,61
2026-02-10,Russellville,27,Harrisburg,70
2026-02-10,Lone Jack,56,Harrisonville,45
2026-02-10,Central (New Madrid County),68,Hayti,33
2026-02-10,Mehlville,45,Hazelwood East,32
2026-02-10,Barstow,44,Holden,36
2026-02-10,St. Charles,46,Holt,33
2026-02-10,Northeast Vernon County with Rich Hill,49,Humansville,40
2026-02-10,Midway,29,Hume,57
2026-02-10,Chamois,13,Jamestown,65
2026-02-10,Hillsboro,60,Jefferson (Festus),40
2026-02-10,Moberly,30,Kirksville,50
2026-02-10,Scotland County,35,Knox County,47
2026-02-10,Lexington,42,Lafayette County,51
2026-02-10,Osceola,58,Lakeland,46
2026-02-10,West Platte,37,Lawson,53
2026-02-10,Bunker,64,Lesterville,26
2026-02-10,Greenfield with Golden City,60,Liberal,41
2026-02-10,Oak Park,58,Liberty,55
2026-02-10,Van Buren,53,Licking,45
2026-02-10,South Callaway,58,Linn,64
2026-02-10,Green City,65,Linn County,10
2026-02-10,Skyline,59,Lockwood,39
2026-02-10,Hermitage,58,Macks Creek,55
2026-02-10,Dadeville,32,Marion C. Early,37
2026-02-10,Parkway Central,34,Marquette,69
2026-02-10,Hazelwood Central,67,McCluer,24
2026-02-10,STEAM Academy,68,McCluer North,42
2026-02-10,Lathrop,41,Mid-Buchanan,53
2026-02-10,Mark Twain,42,Montgomery County,58
2026-02-10,St. Joseph's Academy,65,Nerinx Hall,27
2026-02-10,Slater with Malta Bend,26,New Franklin,60
2026-02-10,Tina-Avalon,47,Norborne,41
2026-02-10,Union Star,46,North Nodaway,41
2026-02-10,Ft. Zumwalt South,31,North Point,34
2026-02-10,North Harrison,55,Northeast Nodaway,49
2026-02-10,Pacific,46,Northwest (Cedar Hill),36
2026-02-10,Sacred Heart,35,Northwest (Hughesville),47
2026-02-10,Duchesne,43,Notre Dame (St. Louis),46
2026-02-10,Charleston,58,Oak Ridge,64
2026-02-10,Clayton,50,Oakville,42
2026-02-10,Ft. Zumwalt West,35,Orchard Farm,38
2026-02-10,Sweet Springs,24,Orrick,38
2026-02-10,Fatima,52,Osage,57
2026-02-10,King City,23,Osborn with Stewartsville,29
2026-02-10,Stover,55,Otterville,29
2026-02-10,Monroe City,35,Palmyra,41
2026-02-10,North Kansas City,32,Park Hill South,56
2026-02-10,Lindbergh,53,Parkway North,59
2026-02-10,Eureka,82,Parkway South,45
2026-02-10,Kirkwood,44,Parkway West,33
2026-02-10,Northeast (Kansas City),12,Paseo Academy,50
2026-02-10,Polo,46,Pattonsburg,26
2026-02-10,Lafayette (Wildwood),45,Pattonville,31
2026-02-10,East Buchanan,65,Penney,58
2026-02-10,Glasgow,68,Pilot Grove,15
2026-02-10,North Platte,48,Plattsburg,42
2026-02-10,New Covenant Academy,52,Pleasant Hope,38
2026-02-10,Central (Park Hills),39,Potosi,30
2026-02-10,Whitfield,44,Principia,74
2026-02-10,Exeter,52,Purdy,43
2026-02-10,Affton,19,Ritenour,39
2026-02-10,Mound City,17,Rock Port,45
2026-02-10,Lutheran South,58,Rockwood Summit,31
2026-02-10,Marceline,60,Salisbury,38
2026-02-10,Putnam County,61,Schuyler County,65
2026-02-10,Montrose with Ballard,32,Sheldon,27
2026-02-10,Archie,54,Sherwood,35
2026-02-10,Kelly,66,Sikeston,83
2026-02-10,Pembroke Hill,41,Smith-Cotton,53
2026-02-10,Lincoln,59,Smithton,23
2026-02-10,St. Joseph Christian,59,South Holt,18
2026-02-10,Macon,41,South Shelby,47
2026-02-10,Hartville,30,Sparta,35
2026-02-10,Warrenton,47,St. Charles West,44
2026-02-10,DeSoto,54,St. Clair,51
2026-02-10,Villa Duchesne,19,St. Dominic,61
2026-02-10,Prairie Home,31,St. Elizabeth,78
2026-02-10,Concordia,45,St. Paul Lutheran (Concordia),37
2026-02-10,Savannah,53,St. Pius X (Kansas City),59
2026-02-10,Plato,28,Stoutland,59
2026-02-10,Buffalo,19,Strafford,77
2026-02-10,Community,42,Sturgeon,31
2026-02-10,Adrian,56,Summit Christian Academy,33
2026-02-10,New Heights Christian,47,Thomas Jefferson Independent Day,25
2026-02-10,Fayette,24,Tipton,79
2026-02-10,Winston,32,Tri-County,43
2026-02-10,Francis Howell Central,34,Troy Buchanan,51
2026-02-10,Vienna,60,Tuscumbia,27
2026-02-10,Ladue Horton Watkins,57,University City,69
2026-02-10,Washington,17,Ursuline Academy,67
2026-02-10,Hancock,17,Valley Park,48
2026-02-10,KIPP St. Louis Sr.,50,Vashon,21
2026-02-10,Wheaton,58,Verona,55
2026-02-10,Iberia,60,Versailles,52
2026-02-10,Incarnate Word Academy,88,Visitation Academy,19
2026-02-10,Weaubleau,24,Walnut Grove,77
2026-02-10,Seckman,51,Webster Groves,56
2026-02-10,Santa Fe,45,Wellington-Napoleon,42
2026-02-10,Van-Far,46,Wellsville-Middletown,16
2026-02-10,South Nodaway with Jefferson (Conception),46,West Nodaway with Nodaway-Holt,38
2026-02-10,Lutheran North,21,Westminster Christian Academy,36
2026-02-10,Paris with Faith Walk,53,Westran,45
2026-02-10,Green Ridge,51,Windsor,30
2026-02-10,Kearney,47,Winnetonka,33
2026-02-11,Dora,28,Alton,43
2026-02-11,Couch,40,Bakersfield,35
2026-02-11,Marion C. Early,40,Bolivar,66
2026-02-11,Cainsville with Ridgeway,40,Braymer,31
2026-02-11,Battle,45,Camdenton,49
2026-02-11,Dexter,52,Campbell,36
2026-02-11,Notre Dame (Cape Girardeau),45,Central (New Madrid County),48
2026-02-11,Westran,32,Chillicothe,51
2026-02-11,Pleasant Hill,48,Crest Ridge,38
2026-02-11,Clayton,44,Eureka,59
2026-02-11,Metro,39,Gateway Science Charter,47
2026-02-11,Norborne,63,Hale with Bosworth,7
2026-02-11,St. Joseph's Academy,86,Hazelwood West,68
2026-02-11,Fair Grove,57,Hollister,49
2026-02-11,Hazelwood East,48,Jennings,35
2026-02-11,Kickapoo,72,Joplin,27
2026-02-11,Valley,20,Kingston,34
2026-02-11,Brashear,40,Kirksville,33
2026-02-11,Lockwood,42,Lamar,39
2026-02-11,Winfield,54,Louisiana,58
2026-02-11,St. Francis Borgia,44,Lutheran South,55
2026-02-11,Miller Career Academy with Sumner,52,Maplewood-Richmond Hts.,43
2026-02-11,South Iron,34,Naylor,53
2026-02-11,Central (Kansas City),54,Northeast (Kansas City),22
2026-02-11,Southwest (Livingston County) with Breckenridge,17,Northwestern (Mendon) with Keytesville,49
2026-02-11,St. Teresa's Academy,56,Notre Dame de Sion,26
2026-02-11,Richmond,41,Orrick,20
2026-02-11,La Monte,32,Otterville,50
2026-02-11,Gallatin,49,Penney,42
2026-02-11,Dixon,53,Plato,22
2026-02-11,Trenton,47,Polo,31
2026-02-11,Hillcrest,56,Republic,60
2026-02-11,North Nodaway,14,South Nodaway with Jefferson (Conception),52
2026-02-11,Eldon,48,Stover,68
2026-02-11,St. Dominic,60,Timberland,30
2026-02-11,Waynesville,39,Willard,54
2026-02-12,Tarkio with Fairfax,21,Albany,57
2026-02-12,Fatima,38,Belle,31
2026-02-12,Lafayette (St. Joseph),49,Bishop LeBlond,13
2026-02-12,Eldon,65,Blair Oaks,57
2026-02-12,Blue Springs South,41,Blue Springs,46
2026-02-12,California,36,Boonville,60
2026-02-12,Hardin-Central,48,Brunswick,60
2026-02-12,Springfield Catholic,53,Buffalo,33
2026-02-12,Mansfield,45,Cabool,60
2026-02-12,Central (New Madrid County),61,Campbell,52
2026-02-12,Lift for Life Academy Charter,53,Cardinal Ritter,66
2026-02-12,Bolivar,41,Carl Junction,47
2026-02-12,Lafayette County,38,Carrollton,64
2026-02-12,Warrensburg,60,Center,50
2026-02-12,Parkview,31,Central (Springfield),47
2026-02-12,Chaffee,76,Charleston,53
2026-02-12,Wright City,32,Clopton,102
2026-02-12,Bevier,41,Columbia Independent,32
2026-02-12,Chilhowee,22,Concordia,58
2026-02-12,Incarnate Word Academy,67,Cor Jesu Academy,26
2026-02-12,Naylor,28,Couch,71
2026-02-12,Herculaneum,42,Crystal City,35
2026-02-12,Halfway,53,Dadeville,45
2026-02-12,St. Vincent,62,Delta,46
2026-02-12,Hillsboro,53,DeSoto,29
2026-02-12,Central (Cape Girardeau),35,Dexter,37
2026-02-12,Ava,32,Dora,57
2026-02-12,Lutheran (Kansas City),51,Drexel,30
2026-02-12,Mark Twain,43,Elsberry,47
2026-02-12,Russellville,36,Eugene,39
2026-02-12,Wheaton,56,Everton,50
2026-02-12,Grandview,63,Excelsior Springs,40
2026-02-12,Thomas Jefferson Independent Day,57,Exeter,49
2026-02-12,Forsyth,33,Fair Grove,41
2026-02-12,Weaubleau,42,Fair Play,36
2026-02-12,Arcadia Valley,30,Farmington,60
2026-02-12,Mountain Grove,39,Fordland,20
2026-02-12,Hazelwood West,52,Fox,55
2026-02-12,Tri-County,32,Gilman City with North Daviess,63
2026-02-12,Pleasant Hope,23,Greenfield with Golden City,53
2026-02-12,Neelyville,57,Greenville,31
2026-02-12,Mercer,36,Grundy County with Newtown-Harris,22
2026-02-12,Brentwood,64,Hancock,18
2026-02-12,Bakersfield,33,Hartville,43
2026-02-12,Senath-Hornersville,55,Hayti,62
2026-02-12,Seckman,43,Hazelwood Central,54
2026-02-12,Union,36,Hermann,59
2026-02-12,Tina-Avalon,40,Higbee,80
2026-02-12,Knob Noster,61,Holden,35
2026-02-12,Reeds Spring,56,Hollister,50
2026-02-12,Sheldon,9,Hume,49
2026-02-12,Newburg,39,Iberia,72
2026-02-12,Notre Dame (Cape Girardeau),27,Jackson,80
2026-02-12,Visitation Academy,31,Jefferson (Festus),64
2026-02-12,Rock Bridge,78,Jefferson City,41
2026-02-12,Republic,61,Joplin,20
2026-02-12,Maysville,24,King City,20
2026-02-12,Confluence Prep Academy Charter with Grand Center Arts Charter,50,KIPP St. Louis Sr.,52
2026-02-12,Lee's Summit,52,Lee's Summit North,41
2026-02-12,Cuba,68,Liberty (Mountain View),34
2026-02-12,Montgomery County,35,Louisiana,47
2026-02-12,Pilot Grove,62,Madison,49
2026-02-12,Brookfield,11,Marceline,55
2026-02-12,Jennings,52,McCluer,62
2026-02-12,Bayless,35,McCluer North,42
2026-02-12,Monett,16,McDonald County,86
2026-02-12,Linn County,24,Milan,55
2026-02-12,Cassville,56,Mt. Vernon,38
2026-02-12,Carthage,52,Neosho,38
2026-02-12,Ursuline Academy,72,Nerinx Hall,32
2026-02-12,East Newton,33,Nevada,45
2026-02-12,Lebanon,41,Nixa,74
2026-02-12,Central (Park Hills),32,North County,49
2026-02-12,Bronaugh,22,Northeast Vernon County with Rich Hill,35
2026-02-12,Parkway North,57,Northwest (Cedar Hill),24
2026-02-12,Conway,19,Norwood,49
2026-02-12,Woodland,16,Oak Ridge,46
2026-02-12,Ladue Horton Watkins,64,Oakville,52
2026-02-12,Linn,61,Osage,53
2026-02-12,New Haven,38,Owensville,51
2026-02-12,Glendale,18,Ozark,27
2026-02-12,Bowling Green,32,Palmyra,57
2026-02-12,Marquette,71,Pattonville,31
2026-02-12,Valle Catholic with St. Paul Lutheran (Farmington),46,Perryville,61
2026-02-12,Houston,50,Plato,22
2026-02-12,Pattonsburg,34,Plattsburg,44
2026-02-12,Wellington-Napoleon,43,Polo,14
2026-02-12,Malden,41,Poplar Bluff,35
2026-02-12,Blue Eye,67,Purdy,14
2026-02-12,South Harrison,66,Putnam County,42
2026-02-12,Holcomb,50,Puxico,67
2026-02-12,Lee's Summit West,73,Raymore-Peculiar,28
2026-02-12,Dixon,49,Richland,52
2026-02-12,Stanberry,50,Rock Port,47
2026-02-12,Father Tolton,49,Rolla,67
2026-02-12,Steelville,50,Salem,48
2026-02-12,Diamond,43,Sarcoxie,51
2026-02-12,Kennett,62,Saxony Lutheran,36
2026-02-12,Ellington,64,Scott City,60
2026-02-12,Kelly,59,Scott County Central,42
2026-02-12,Lamar,60,Seneca,55
2026-02-12,Montrose with Ballard,39,Sherwood,43
2026-02-12,Marion County,51,Silex,56
2026-02-12,Pierce City,45,Skyline,91
2026-02-12,Windsor,43,Smithton,29
2026-02-12,Lesterville,41,South Iron,49
2026-02-12,Crane,49,Spokane,42
2026-02-12,Pacific,39,St. Clair,49
2026-02-12,Ritenour,17,STEAM Academy,69
2026-02-12,Climax Springs,34,Stoutland,62
2026-02-12,Clever,32,Strafford,72
2026-02-12,St. James,45,Sullivan,27
2026-02-12,Licking,50,Thayer,57
2026-02-12,Princeton,47,Trenton,30
2026-02-12,Platte County,46,Truman,39
2026-02-12,Mehlville,36,University City,61
2026-02-12,Bishop DuBourg,42,Valley Park,44
2026-02-12,Christian Fellowship Sr.,17,Van-Far,30
2026-02-12,Southwest (Washburn),51,Verona,25
2026-02-12,St. Elizabeth,47,Vienna,32
2026-02-12,Maplewood-Richmond Hts.,17,Villa Duchesne,51
2026-02-12,Kickapoo,77,Waynesville,33
2026-02-12,Branson,58,West Plains,73
2026-02-12,Alton,47,Willow Springs,53
2026-02-12,Festus,66,Windsor (Imperial),41
2026-02-12,South Holt,23,Worth County,49
2026-02-13,El Dorado Springs,45,Adrian,51
2026-02-13,Harrisonville,32,Archie,34
2026-02-13,Koshkonong,37,Bakersfield,65
2026-02-13,Helias Catholic,52,Battle,56
2026-02-13,Grain Valley,62,Belton,27
2026-02-13,Marion County,64,Bevier,19
2026-02-13,Marion C. Early,58,Billings with Hurley,37
2026-02-13,West County,44,Bismarck,63
2026-02-13,Cuba,48,Bourbon,7
2026-02-13,Maysville,46,Brookfield,44
2026-02-13,Chamois,24,Bunceton,49
2026-02-13,Winston,36,Cainsville with Ridgeway,28
2026-02-13,St. Pius X (Kansas City),62,Cameron,38
2026-02-13,Knob Noster,31,Carrollton,38
2026-02-13,Ozark,55,Carthage,48
2026-02-13,Ewing Marion Kauffman,46,Center,48
2026-02-13,Poplar Bluff,40,Central (New Madrid County),37
2026-02-13,Park Hill South,57,Central (St. Joseph),21
2026-02-13,Monroe City,33,Centralia,62
2026-02-13,Climax Springs,51,Chilhowee,41
2026-02-13,Savannah,32,Chillicothe,29
2026-02-13,Pleasant Hill,57,Clinton,42
2026-02-13,Otterville,33,Cole Camp,47
2026-02-13,Westminster Christian Academy,53,Collegiate School of Med-Bio Science,29
2026-02-13,Glasgow,42,Community,32
2026-02-13,Salem,51,Couch,73
2026-02-13,Belle,26,Crocker,38
2026-02-13,Weaubleau,31,Dadeville,48
2026-02-13,Twin Rivers,32,Doniphan,70
2026-02-13,Mid-Buchanan,67,East Buchanan,45
2026-02-13,Verona,48,Exeter,75
2026-02-13,Harrisburg,56,Fayette,24
2026-02-13,Liberty (Wentzville),19,Francis Howell,57
2026-02-13,Potosi,46,Fredericktown,27
2026-02-13,Washington,40,Ft. Zumwalt North,49
2026-02-13,Timberland,25,Ft. Zumwalt South,53
2026-02-13,Francis Howell Central,47,Ft. Zumwalt West,23
2026-02-13,Blue Eye,64,Galena,7
2026-02-13,Northwest (Hughesville),47,Green Ridge,15
2026-02-13,Tri-County,27,Grundy County with Newtown-Harris,45
2026-02-13,Humansville,33,Halfway,55
2026-02-13,Tina-Avalon,40,Hardin-Central,56
2026-02-13,Riverview Gardens,35,Hazelwood East,46
2026-02-13,Northeast Vernon County with Rich Hill,56,Hermitage,45
2026-02-13,Father Tolton,52,Hickman,65
2026-02-13,Sherwood,44,Holden,38
2026-02-13,Winfield,54,Holt,63
2026-02-13,Calvary Lutheran,38,Jamestown,52
2026-02-13,Lakeland,44,Jasper,46
2026-02-13,Montrose with Ballard,43,Kingsville,32
2026-02-13,Fulton,27,Kirksville,68
2026-02-13,Stover,63,La Monte,32
2026-02-13,Green City,56,La Plata,60
2026-02-13,Kirkwood,29,Lafayette (Wildwood),31
2026-02-13,West Platte,55,Lathrop,46
2026-02-13,Midway,56,Leeton,18
2026-02-13,Osceola,58,Liberal,33
2026-02-13,Windsor,23,Lincoln,34
2026-02-13,Rockwood Summit,26,Lindbergh,56
2026-02-13,John Burroughs,49,Lutheran South,46
2026-02-13,Fair Play,40,Macks Creek,46
2026-02-13,Highland,76,Macon,52
2026-02-13,Lockwood,29,Marionville,38
2026-02-13,Hannibal,38,Marshall,44
2026-02-13,Hillcrest,41,Marshfield,48
2026-02-13,Benton,66,Maryville,49
2026-02-13,New Heights Christian,46,McAuley Catholic,37
2026-02-13,Capital City,29,Mexico,59
2026-02-13,West Nodaway with Nodaway-Holt,24,Mound City,55
2026-02-13,Northwestern (Mendon) with Keytesville,20,Norborne,60
2026-02-13,KIPP St. Louis Sr.,20,Normandy Collaborative,27
2026-02-13,St. Joseph Christian,50,North Andrew,47
2026-02-13,Liberty,42,North Kansas City,48
2026-02-13,Lawson,53,North Platte,41
2026-02-13,Ft. Zumwalt East,10,North Point,82
2026-02-13,Knox County,39,North Shelby,44
2026-02-13,Slater with Malta Bend,20,Northeast (Cairo),77
2026-02-13,Paseo Academy,20,Northeast (Kansas City),19
2026-02-13,Sparta,30,Norwood,70
2026-02-13,Park Hill,71,Oak Park,59
2026-02-13,Oak Grove,57,Odessa,47
2026-02-13,Northeast Nodaway,27,Osborn with Stewartsville,26
2026-02-13,Scotland County,31,Paris with Faith Walk,50
2026-02-13,Fair Grove,68,Parkview,33
2026-02-13,Eureka,53,Parkway Central,35
2026-02-13,Parkway South,59,Parkway West,51
2026-02-13,University Academy Charter,23,Pembroke Hill,52
2026-02-13,Penney,36,Plattsburg,41
2026-02-13,Milan,28,Princeton,41
2026-02-13,Ruskin,25,Raytown,73
2026-02-13,Lexington,37,Richmond,39
2026-02-13,Smithton,38,Sacred Heart,49
2026-02-13,Concordia,36,Santa Fe,39
2026-02-13,Niangua,29,School of the Ozarks,53
2026-02-13,Salisbury,40,Schuyler County,44
2026-02-13,Holcomb,26,Sikeston,82
2026-02-13,Canton,49,Silex,39
2026-02-13,Boonville,59,Smith-Cotton,36
2026-02-13,Winnetonka,42,Smithville,55
2026-02-13,North Nodaway,24,South Holt,38
2026-02-13,Clark County,20,South Shelby,69
2026-02-13,Hallsville,26,Southern Boone,63
2026-02-13,Dora,51,Spokane,53
2026-02-13,St. Charles,37,St. Charles West,43
2026-02-13,Liberty North,45,Staley,74
2026-02-13,Ash Grove,46,Stockton,43
2026-02-13,Incarnate Word Academy,63,Strafford,58
2026-02-13,New Franklin,60,Sturgeon,24
2026-02-13,Barstow,56,Summit Christian Academy,27
2026-02-13,St. Paul Lutheran (Concordia),36,Sweet Springs,39
2026-02-13,Rock Port,55,Tarkio with Fairfax,46
2026-02-13,Linn,44,Tipton,87
2026-02-13,Putnam County,41,Trenton,26
2026-02-13,Francis Howell North,42,Troy Buchanan,62
2026-02-13,Prairie Home,41,Tuscumbia,60
2026-02-13,DeKalb,38,Union Star,39
2026-02-13,Hazelwood Central,63,Valle Catholic with St. Paul Lutheran (Farmington),42
2026-02-13,Alton,55,Van Buren,43
2026-02-13,St. Michael the Archangel,41,Van Horn,42
2026-02-13,Wright City,31,Veritas Christian Academy,59
2026-02-13,Orchard Farm,44,Warrenton,30
2026-02-13,Butler,65,Warsaw,37
2026-02-13,Willard,45,Webb City,66
2026-02-13,Festus,62,Webster Groves,69
2026-02-13,Orrick,21,Wellington-Napoleon,45
2026-02-13,Bowling Green,47,Wellsville-Middletown,34
2026-02-13,Moberly,31,Westran,43
2026-02-13,Walnut Grove,39,Wheatland,35
2026-02-13,MICDS,53,Whitfield,54
2026-02-13,Fort Osage,47,William Chrisman,54
2026-02-14,Couch,35,Alton,47
2026-02-14,Central (Park Hills),36,Arcadia Valley,35
2026-02-14,Dora,34,Bakersfield,40
2026-02-14,Notre Dame de Sion,45,Blue Springs,57
2026-02-14,Marceline,43,Brashear,31
2026-02-14,Higbee,86,Brunswick,40
2026-02-14,St. Vincent,48,Bunker,45
2026-02-14,North County,34,Farmington,40
2026-02-14,Mercer,37,Gilman City with North Daviess,46
2026-02-14,Sacred Heart,35,Halfway,34
2026-02-14,Lutheran North,40,Hazelwood Central,44
2026-02-14,Ellington,71,Houston,48
2026-02-14,Ste. Genevieve,75,Kingston,17
2026-02-14,Van Buren,64,Koshkonong,27
2026-02-14,Bismarck,44,Potosi,53
2026-02-14,Principia,65,Troy Buchanan,50
2026-02-16,Chaffee,65,Arcadia Valley,67
2026-02-16,Thayer,70,Ava,27
2026-02-16,Van Buren,41,Bakersfield,51
2026-02-16,Versailles,37,Blair Oaks,68
2026-02-16,Staley,72,Blue Springs South,22
2026-02-16,Branson,50,Bolivar,54
2026-02-16,Lesterville,30,Bourbon,28
2026-02-16,Bevier,34,Brashear,47
2026-02-16,Princeton,55,Brookfield,34
2026-02-16,South Callaway,59,Bunceton,25
2026-02-16,Houston,61,Cabool,50
2026-02-16,Capital City,24,Camdenton,70
2026-02-16,Ozark,66,Central (Springfield),13
2026-02-16,Wheatland,24,Chadwick,40
2026-02-16,Sikeston,60,Charleston,48
2026-02-16,Campbell,39,Clearwater,60
2026-02-16,Fair Grove,38,Clever,49
2026-02-16,New Covenant Academy,48,Crane,63
2026-02-16,Northwest (Cedar Hill),54,Crystal City,50
2026-02-16,South Iron,61,DeSoto,69
2026-02-16,Poplar Bluff,32,Dexter,36
2026-02-16,Pierce City,64,Diamond,39
2026-02-16,Twin Rivers,45,Doniphan,74
2026-02-16,Alton,58,East Carter,29
2026-02-16,Aurora,30,East Newton,35
2026-02-16,Sherwood,28,El Dorado Springs,59
2026-02-16,St. Elizabeth,57,Fatima,56
2026-02-16,Mehlville,55,Ft. Zumwalt North,39
2026-02-16,Norwood,53,Gainesville,27
2026-02-16,Nixa,54,Glendale,51
2026-02-16,William Chrisman,34,Grain Valley,91
2026-02-16,Bismarck,72,Grandview (Hillsboro),11
2026-02-16,Lincoln,29,Green Ridge,37
2026-02-16,Dadeville,43,Greenfield with Golden City,42
2026-02-16,Eldon,69,Hallsville,57
2026-02-16,St. James,38,Hermann,26
2026-02-16,Monroe City,27,Highland,46
2026-02-16,Logan-Rogersville,61,Hillcrest,30
2026-02-16,Saxony Lutheran,23,Jackson,101
2026-02-16,Fort Osage,46,Kearney,57
2026-02-16,Delta,83,Kelly,88
2026-02-16,Republic,37,Kickapoo,44
2026-02-16,Rock Port,54,King City,32
2026-02-16,Carrollton,24,Knob Noster,45
2026-02-16,Monett,52,Lamar,44
2026-02-16,Crocker,60,Laquey,26
2026-02-16,Waynesville,45,Lebanon,32
2026-02-16,Liberty North,72,Lee's Summit,45
2026-02-16,Lee's Summit North,24,Lee's Summit West,66
2026-02-16,St. Paul Lutheran (Concordia),58,Leeton,16
2026-02-16,Holden,36,Lexington,44
2026-02-16,Salem,54,Liberty (Mountain View),60
2026-02-16,Pleasant Hill,58,Lone Jack,69
2026-02-16,Northeast (Cairo),78,Madison,39
2026-02-16,Plato,20,Mansfield,42
2026-02-16,Fayette,33,Marceline,50
2026-02-16,Miller,61,Marionville,54
2026-02-16,West Plains,67,Marshfield,69
2026-02-16,Lincoln College Prep,55,Maryville,52
2026-02-16,Gallatin,39,Maysville,43
2026-02-16,Archie,68,Miami (Amoret),32
2026-02-16,Elsberry,34,Montgomery County,38
2026-02-16,Seneca,35,Mt. Vernon,70
2026-02-16,Kennett,50,Neelyville,43
2026-02-16,Carthage,65,New Heights Christian,61
2026-02-16,Stoutland,77,Newburg,51
2026-02-16,Northwestern (Mendon) with Keytesville,37,Norborne,65
2026-02-16,Park Hill,42,North Kansas City,51
2026-02-16,Braymer,25,Northwest (Hughesville),56
2026-02-16,Grundy County with Newtown-Harris,52,Novinger,16
2026-02-16,East Prairie,28,Oak Ridge,69
2026-02-16,California,55,Osage,48
2026-02-16,Pacific,36,Owensville,47
2026-02-16,Webb City,69,Parkview,24
2026-02-16,Blue Springs,43,Raymore-Peculiar,56
2026-02-16,Iberia,78,Richland,59
2026-02-16,Tipton,74,Russellville,45
2026-02-16,Harrisburg,72,Salisbury,25
2026-02-16,Otterville,29,Santa Fe,52
2026-02-16,Lockwood,55,Sarcoxie,48
2026-02-16,Everton,38,School of the Ozarks,66
2026-02-16,Parkway Central,46,Seckman,54
2026-02-16,Scott City,64,Senath-Hornersville,39
2026-02-16,Ash Grove,44,Skyline,56
2026-02-16,Helias Catholic,58,Smith-Cotton,42
2026-02-16,Billings with Hurley,45,Southwest (Washburn),70
2026-02-16,Bunker,52,Sparta,37
2026-02-16,Strafford,74,Springfield Catholic,35
2026-02-16,Union,66,St. Clair,42
2026-02-16,Butler,73,Stockton,33
2026-02-16,Paris with Faith Walk,60,Sturgeon,24
2026-02-16,New Haven,30,Sullivan,61
2026-02-16,Marquette,42,University City,41
2026-02-16,Louisiana,42,Veritas Christian Academy,46
2026-02-16,Fair Play,33,Walnut Grove,62
2026-02-16,McAuley Catholic,53,Wheaton,41
2026-02-16,Neosho,29,Willard,75
2026-02-16,Mountain Grove,56,Willow Springs,58
2026-02-16,Hillsboro,64,Windsor (Imperial),27
2026-02-16,Grandview,62,Winnetonka,36
2026-02-16,Southwest (Livingston County) with Breckenridge,17,Winston,54
2026-02-16,Central (Cape Girardeau),54,Woodland,29
2026-02-16,Tarkio with Fairfax,44,Worth County,48
2026-02-17,Couch,30,Alton,42
2026-02-17,Dora,37,Bakersfield,44
2026-02-17,St. Pius X (Kansas City),58,Bishop LeBlond,51
2026-02-17,Holcomb,31,Bloomfield with Richland (Essex),59
2026-02-17,Walnut Grove,48,Blue Eye,39
2026-02-17,Clopton,86,Bowling Green,25
2026-02-17,Gilman City with North Daviess,54,Braymer,20
2026-02-17,Oak Grove,50,Butler,45
2026-02-17,Winston,55,Cainsville with Ridgeway,50
2026-02-17,Trenton,37,Cameron,43
2026-02-17,Marion County,45,Canton,63
2026-02-17,McDonald County,41,Carl Junction,32
2026-02-17,Joplin,43,Carthage,46
2026-02-17,Arcadia Valley,44,Central (Park Hills),47
2026-02-17,South Shelby,16,Centralia,48
2026-02-17,Pleasant Hope,12,Chadwick,51
2026-02-17,Kingsville,32,Chilhowee,43
2026-02-17,Chamois,9,Christian Fellowship Sr.,68
2026-02-17,Harrisonville,44,Clinton,25
2026-02-17,Smithton,27,Cole Camp,53
2026-02-17,Valley Park,49,Collegiate School of Med-Bio Science,34
2026-02-17,Calvary Lutheran,69,Columbia Independent,14
2026-02-17,Orrick,17,Concordia,49
2026-02-17,Hartville,56,Conway,22
2026-02-17,St. Dominic,38,Cor Jesu Academy,57
2026-02-17,Sweet Springs,42,Crest Ridge,55
2026-02-17,Ste. Genevieve,57,Crystal City,34
2026-02-17,Billings with Hurley,40,Dadeville,59
2026-02-17,Valle Catholic with St. Paul Lutheran (Farmington),41,Delta,84
2026-02-17,Scott County Central,39,Dexter,56
2026-02-17,Licking,32,Dixon,42
2026-02-17,Midway,48,Drexel,29
2026-02-17,Brentwood,34,Duchesne,73
2026-02-17,Clearwater,68,East Carter,70
2026-02-17,Nevada,55,El Dorado Springs,47
2026-02-17,Greenville,61,Ellington,57
2026-02-17,Bronaugh,32,Everton,55
2026-02-17,Guadalupe Centers Charter,18,Ewing Marion Kauffman,61
2026-02-17,Wheaton,48,Exeter,39
2026-02-17,Greenfield with Golden City,56,Fair Play,36
2026-02-17,South Callaway,60,Fayette,63
2026-02-17,Troy Buchanan,76,Festus,46
2026-02-17,Hollister,39,Forsyth,45
2026-02-17,Francis Howell North,45,Francis Howell,51
2026-02-17,Liberty (Wentzville),37,Francis Howell Central,45
2026-02-17,Perryville,30,Fredericktown,50
2026-02-17,Ft. Zumwalt West,32,Ft. Zumwalt South,52
2026-02-17,Affton,59,Gateway with Soldan International Studies,19
2026-02-17,Slater with Malta Bend,24,Glasgow,70
2026-02-17,Marion C. Early,47,Greenwood,51
2026-02-17,Macks Creek,50,Halfway,45
2026-02-17,Herculaneum,53,Hancock,9
2026-02-17,Palmyra,53,Hannibal,57
2026-02-17,Weaubleau,36,Hermitage,35
2026-02-17,Boonville,55,Hickman,69
2026-02-17,Nerinx Hall,25,Incarnate Word Academy,96
2026-02-17,Battle,50,Jefferson City,43
2026-02-17,Excelsior Springs,32,Kearney,65
2026-02-17,Portageville,65,Kelly,29
2026-02-17,Hazelwood West,51,Kirkwood,50
2026-02-17,Marceline,35,Knox County,29
2026-02-17,Webster Groves,49,Ladue Horton Watkins,60
2026-02-17,Chillicothe,31,Lafayette (St. Joseph),51
2026-02-17,North Platte,56,Lathrop,64
2026-02-17,Penney,29,Lawson,57
2026-02-17,Archie,47,Liberal,23
2026-02-17,Park Hill South,54,Liberty,49
2026-02-17,La Monte,24,Lincoln,36
2026-02-17,Parkway West,25,Lindbergh,58
2026-02-17,Eugene,32,Linn,62
2026-02-17,North Harrison,50,Linn County,18
2026-02-17,Wellington-Napoleon,36,Lone Jack,66
2026-02-17,Northland Christian,54,Lutheran (Kansas City),61
2026-02-17,Sturgeon,58,Madison,26
2026-02-17,North Callaway,39,Mark Twain,66
2026-02-17,Fulton,40,Mexico,65
2026-02-17,Montrose with Ballard,51,Miami (Amoret),30
2026-02-17,Hale with Bosworth,11,Milan,66
2026-02-17,Marshall,37,Moberly,41
2026-02-17,Kirksville,45,Monroe City,48
2026-02-17,Pilot Grove,22,New Franklin,63
2026-02-17,Meadville,63,Norborne,31
2026-02-17,KIPP St. Louis Sr.,20,Normandy Collaborative,27
2026-02-17,King City,39,North Nodaway,23
2026-02-17,Community,37,Northeast (Cairo),71
2026-02-17,Hogan Prep Academy Charter,53,Northeast (Kansas City),25
2026-02-17,South Holt,28,Northeast Nodaway,51
2026-02-17,Sheldon,37,Northeast Vernon County with Rich Hill,51
2026-02-17,La Plata,75,Northwestern (Mendon) with Keytesville,19
2026-02-17,Farmington,77,Notre Dame (Cape Girardeau),28
2026-02-17,Central (St. Joseph),23,Oak Park,78
2026-02-17,Appleton City,58,Osceola,59
2026-02-17,Sacred Heart,47,Otterville,41
2026-02-17,Bucklin with Macon County,26,Paris with Faith Walk,60
2026-02-17,Pattonville,36,Parkway South,71
2026-02-17,Osborn with Stewartsville,27,Pattonsburg,32
2026-02-17,Barstow,41,Pembroke Hill,36
2026-02-17,Belton,36,Platte County,50
2026-02-17,Mid-Buchanan,48,Plattsburg,34
2026-02-17,Lee's Summit,59,Pleasant Hill,57
2026-02-17,Higbee,80,Prairie Home,50
2026-02-17,Gallatin,29,Princeton,50
2026-02-17,Galena,27,Purdy,60
2026-02-17,Novinger,59,Putnam County,60
2026-02-17,Buffalo,29,Reeds Spring,39
2026-02-17,Lafayette County,49,Richmond,62
2026-02-17,North Andrew,21,Rock Port,52
2026-02-17,Eureka,59,Rockwood Summit,22
2026-02-17,Villa Duchesne,50,Rosati-Kain,19
2026-02-17,Hardin-Central,46,Santa Fe,56
2026-02-17,Benton,55,Savannah,27
2026-02-17,Westran,62,Schuyler County,37
2026-02-17,North Shelby,35,Scotland County,58
2026-02-17,McCluer,19,Seckman,66
2026-02-17,Naylor,45,Senath-Hornersville,38
2026-02-17,Warsaw,63,Sherwood,42
2026-02-17,Wellsville-Middletown,12,Silex,59
2026-02-17,Albany,36,South Harrison,54
2026-02-17,Worth County,43,South Nodaway with Jefferson (Conception),35
2026-02-17,Fatima,43,Southern Boone,50
2026-02-17,Spokane,53,Southwest (Washburn),50
2026-02-17,Orchard Farm,55,St. Charles,32
2026-02-17,North Point,44,St. Charles West,48
2026-02-17,Rolla,48,St. Francis Borgia,60
2026-02-17,West Nodaway with Nodaway-Holt,44,St. Joseph Christian,57
2026-02-17,Cardinal Ritter,59,St. Vincent,54
2026-02-17,Maysville,35,Stanberry,44
2026-02-17,Parkway North,56,STEAM Academy,53
2026-02-17,Green Ridge,30,Stover,65
2026-02-17,St. Michael the Archangel,62,Summit Christian Academy,45
2026-02-17,Neelyville,33,Thayer,53
2026-02-17,Marquette,64,Timberland,39
2026-02-17,Grundy County with Newtown-Harris,50,Tri-County,17
2026-02-17,DeLaSalle Charter (KC),11,Truman,58
2026-02-17,St. Elizabeth,63,Tuscumbia,26
2026-02-17,Campbell,34,Twin Rivers,72
2026-02-17,Mercer,44,Union Star,35
2026-02-17,Van Horn,36,University Academy Charter,37
2026-02-17,Notre Dame (St. Louis),21,Ursuline Academy,79
2026-02-17,Bunker,75,Valley,23
2026-02-17,Koshkonong,25,Van Buren,61
2026-02-17,Thomas Jefferson Independent Day,56,Verona,37
2026-02-17,Crocker,51,Vienna,31
2026-02-17,KIPP KC Legacy,31,Warrensburg,66
2026-02-17,Winfield,36,Warrenton,48
2026-02-17,Ft. Zumwalt East,17,Washington,57
2026-02-17,Steelville,52,West County,45
2026-02-17,East Buchanan,33,West Platte,39
2026-02-17,MICDS,67,Westminster Christian Academy,31
2026-02-17,Humansville,15,Wheatland,52
2026-02-17,Visitation Academy,21,Whitfield,77
2026-02-17,Northwest (Hughesville),67,Windsor,25
2026-02-17,Puxico,57,Woodland,29
2026-02-17,Van-Far,52,Wright City,39
2026-02-18,Veritas Christian Academy,52,Brentwood,48
2026-02-18,Louisiana,58,Canton,64
2026-02-18,Sikeston,47,Central (Cape Girardeau),68
2026-02-18,Parkway Central,29,Clayton,44
2026-02-18,Crystal City,35,Collegiate School of Med-Bio Science,40
2026-02-18,Leeton,9,Concordia,65
2026-02-18,Potosi,65,DeSoto,47
2026-02-18,Naylor,43,Dexter,61
2026-02-18,Macon,52,Fulton,40
2026-02-18,Hancock,13,Grandview (Hillsboro),42
2026-02-18,Novinger,45,Green City,70
2026-02-18,Higbee,37,Harrisburg,79
2026-02-18,Capital City,15,Helias Catholic,61
2026-02-18,Northwest (Cedar Hill),39,Herculaneum,37
2026-02-18,Everton,56,Humansville,52
2026-02-18,Valle Catholic with St. Paul Lutheran (Farmington),47,Jefferson (Festus),57
2026-02-18,Bishop DuBourg,51,Jennings,50
2026-02-18,Vashon,23,KIPP St. Louis Sr.,51
2026-02-18,Hume,47,Lakeland,51
2026-02-18,Polo,60,Lathrop,67
2026-02-18,Lutheran St. Charles,58,Lift for Life Academy Charter,51
2026-02-18,Lindbergh,48,Lutheran South,69
2026-02-18,Normandy Collaborative,22,McCluer North,61
2026-02-18,Aurora,35,McDonald County,40
2026-02-18,West County,36,North County,58
2026-02-18,DeLaSalle Charter (KC),5,Northeast (Kansas City),11
2026-02-18,Villa Duchesne,44,Notre Dame (St. Louis),49
2026-02-18,Hazelwood East,35,Parkway North,59
2026-02-18,Lafayette (Wildwood),40,Parkway West,19
2026-02-18,Holt,1,Pattonville,0
2026-02-18,Miller,78,Pierce City,56
2026-02-18,Poplar Bluff,40,Portageville,71
2026-02-18,Clark County,36,Putnam County,41
2026-02-18,McCluer,32,Riverview Gardens,36
2026-02-18,Notre Dame (Cape Girardeau),51,Scott City,56
2026-02-18,Knob Noster,52,Smith-Cotton,38
2026-02-18,Woodland,30,South Iron,63
2026-02-18,Hale with Bosworth,34,Southwest (Livingston County) with Breckenridge,27
2026-02-18,Hickman,63,St. Pius X (Festus),48
2026-02-18,Grain Valley,37,St. Teresa's Academy,57
2026-02-18,Osborn with Stewartsville,30,Tarkio with Fairfax,52
2026-02-18,Centralia,58,Tipton,55
2026-02-18,Raytown,36,Truman,72
2026-02-18,St. James,43,Union,22
2026-02-18,Gateway with Soldan International Studies,11,University City,81
2026-02-18,Kingston,40,Valley,31
2026-02-18,Montgomery County,48,Warrenton,31
2026-02-19,Dixon,50,Alton,31
2026-02-19,Bismarck,63,Arcadia Valley,56
2026-02-19,Wheaton,14,Aurora,67
2026-02-19,Lone Jack,45,Barstow,49
2026-02-19,Westminster Christian Academy,51,Bayless,8
2026-02-19,Niangua,41,Billings with Hurley,51
2026-02-19,Maplewood-Richmond Hts.,47,Bishop DuBourg,34
2026-02-19,Benton,70,Bishop LeBlond,21
2026-02-19,Valley Park,34,Bourbon,50
2026-02-19,North Callaway,55,Bowling Green,51
2026-02-19,Hillcrest,51,Branson,46
2026-02-19,Green City,74,Bucklin with Macon County,47
2026-02-19,Columbia Independent,30,Bunceton,61
2026-02-19,Richmond,46,Carrollton,48
2026-02-19,Senath-Hornersville,18,Central (New Madrid County),51
2026-02-19,Fredericktown,48,Chaffee,61
2026-02-19,Kirksville,37,Chillicothe,47
2026-02-19,Bloomfield with Richland (Essex),58,Clearwater,41
2026-02-19,Weaubleau,40,Climax Springs,46
2026-02-19,Santa Fe,24,Cole Camp,40
2026-02-19,Norborne,31,Concordia,69
2026-02-19,Gainesville,46,Conway,19
2026-02-19,Pierce City,63,Crane,62
2026-02-19,Richland,24,Crocker,57
2026-02-19,Stockton,60,Dadeville,41
2026-02-19,West Platte,42,DeKalb,38
2026-02-19,Windsor (Imperial),51,DeSoto,62
2026-02-19,St. Joseph Christian,48,East Buchanan,54
2026-02-19,Delta,82,East Carter,41
2026-02-19,Hollister,38,East Newton,59
2026-02-19,Osage,76,Eldon,34
2026-02-19,Warsaw,56,Eugene,46
2026-02-19,Halfway,48,Everton,50
2026-02-19,Poplar Bluff,29,Festus,66
2026-02-19,Mansfield,30,Forsyth,47
2026-02-19,Pleasant Hope,58,Galena,39
2026-02-19,Stanberry,57,Gallatin,41
2026-02-19,Polo,20,Gilman City with North Daviess,64
2026-02-19,New Franklin,31,Glasgow,24
2026-02-19,Marionville,64,Greenfield with Golden City,41
2026-02-19,New Covenant Academy,51,Greenwood,67
2026-02-19,Salisbury,53,Hallsville,30
2026-02-19,Collegiate School of Med-Bio Science,48,Hancock,19
2026-02-19,Fordland,37,Hartville,38
2026-02-19,Whitfield,51,Hazelwood Central,48
2026-02-19,Seckman,62,Hazelwood West,67
2026-02-19,Wheatland,64,Hermitage,28
2026-02-19,Twin Rivers,65,Holcomb,30
2026-02-19,Ava,33,Houston,44
2026-02-19,Fayette,44,Jamestown,46
2026-02-19,Drexel,35,Jasper,45
2026-02-19,Fatima,33,Jefferson City,65
2026-02-19,McCluer North,54,Jennings,34
2026-02-19,Willard,61,Joplin,31
2026-02-19,Lebanon,31,Kickapoo,87
2026-02-19,Union Star,32,King City,55
2026-02-19,Lesterville,48,Kingston,21
2026-02-19,Miller Career Academy with Sumner,59,KIPP St. Louis Sr.,22
2026-02-19,Atlanta,15,Knox County,42
2026-02-19,St. Pius X (Kansas City),32,Lafayette (St. Joseph),59
2026-02-19,Holden,42,Lafayette County,41
2026-02-19,Sweet Springs,25,Lawson,67
2026-02-19,Raymore-Peculiar,49,Lee's Summit,54
2026-02-19,Blue Springs South,29,Lee's Summit West,78
2026-02-19,Knob Noster,58,Lexington,28
2026-02-19,Lee's Summit North,22,Liberty North,68
2026-02-19,Cuba,51,Licking,49
2026-02-19,STEAM Academy,38,Lift for Life Academy Charter,73
2026-02-19,Tina-Avalon,48,Linn County,41
2026-02-19,Diamond,26,Lockwood,42
2026-02-19,Visitation Academy,52,Lutheran North,49
2026-02-19,Sikeston,46,Malden,80
2026-02-19,Madison,32,Marion County,67
2026-02-19,Pembroke Hill,37,Marshall,23
2026-02-19,Worth County,40,Maysville,56
2026-02-19,Thomas Jefferson Independent Day,46,McAuley Catholic,44
2026-02-19,Grundy County with Newtown-Harris,49,Meadville,38
2026-02-19,Moberly,55,Mexico,48
2026-02-19,Osceola,58,Midway,36
2026-02-19,Cameron,44,Mound City,70
2026-02-19,Salem,42,Mountain Grove,58
2026-02-19,Buffalo,41,Mt. Vernon,39
2026-02-19,Campbell,44,Naylor,60
2026-02-19,Parkview,22,Neosho,52
2026-02-19,Hermann,42,New Haven,16
2026-02-19,Central (Springfield),28,Nixa,56
2026-02-19,Cainsville with Ridgeway,24,North Harrison,48
2026-02-19,Community,33,North Shelby,65
2026-02-19,Sturgeon,51,Northeast (Cairo),65
2026-02-19,Exeter,61,Northeast Vernon County with Rich Hill,48
2026-02-19,Stover,50,Northwest (Hughesville),47
2026-02-19,Bevier,48,Northwestern (Mendon) with Keytesville,27
2026-02-19,Webb City,56,Ozark,34
2026-02-19,Sullivan,50,Pacific,29
2026-02-19,Central (Kansas City),46,Paseo Academy,11
2026-02-19,North Nodaway,19,Pattonsburg,44
2026-02-19,St. Charles West,60,Pattonville,23
2026-02-19,Hillsboro,61,Perryville,38
2026-02-19,Laquey,52,Plato,30
2026-02-19,South Harrison,46,Plattsburg,28
2026-02-19,Schuyler County,51,Princeton,46
2026-02-19,Oak Ridge,79,Puxico,47
2026-02-19,Platte County,55,Raytown,20
2026-02-19,Carthage,34,Republic,71
2026-02-19,Camdenton,36,Rock Bridge,71
2026-02-19,Herculaneum,56,Rosati-Kain,13
2026-02-19,Grain Valley,75,Ruskin,8
2026-02-19,New Heights Christian,48,Sarcoxie,73
2026-02-19,North County,60,Saxony Lutheran,47
2026-02-19,Milan,46,Scotland County,60
2026-02-19,Kennett,66,Scott County Central,22
2026-02-19,Chilhowee,33,Sherwood,62
2026-02-19,Elsberry,36,Silex,46
2026-02-19,Pilot Grove,29,Slater with Malta Bend,40
2026-02-19,Greenville,53,South Iron,34
2026-02-19,Tri-County,52,Southwest (Livingston County) with Breckenridge,31
2026-02-19,Purdy,14,Southwest (Washburn),47
2026-02-19,Chadwick,56,Sparta,49
2026-02-19,Clever,55,Springfield Catholic,48
2026-02-19,Nerinx Hall,22,St. Dominic,61
2026-02-19,St. Clair,30,St. James,62
2026-02-19,University Academy Charter,48,St. Michael the Archangel,56
2026-02-19,Crest Ridge,64,St. Paul Lutheran (Concordia),58
2026-02-19,Blue Springs,26,Staley,74
2026-02-19,Iberia,74,Stoutland,61
2026-02-19,Reeds Spring,10,Strafford,79
2026-02-19,North Andrew,30,Tarkio with Fairfax,37
2026-02-19,Liberty (Mountain View),48,Thayer,58
2026-02-19,Penney,41,Trenton,32
2026-02-19,Humansville,35,Tuscumbia,59
2026-02-19,Owensville,33,Union,53
2026-02-19,Incarnate Word Academy,79,Ursuline Academy,45
2026-02-19,Clopton,76,Van-Far,35
2026-02-19,Belle,34,Vienna,49
2026-02-19,Ritenour,11,Villa Duchesne,60
2026-02-19,Marion C. Early,44,Walnut Grove,48
2026-02-19,Odessa,69,Warrensburg,46
2026-02-19,Glendale,40,Waynesville,30
2026-02-19,Braymer,11,Wellington-Napoleon,41
2026-02-19,Brunswick,28,Westran,78
2026-02-19,Belton,56,William Chrisman,58
2026-02-19,Cabool,27,Willow Springs,62
2026-02-19,Hale with Bosworth,19,Winston,54
2026-02-19,Wellsville-Middletown,34,Wright City,66
2026-02-20,Hogan Prep Academy Charter,31,Adrian,67
2026-02-20,South Nodaway with Jefferson (Conception),35,Albany,47
2026-02-20,Clinton,38,Appleton City,53
2026-02-20,Jasper,22,Archie,57
2026-02-20,Van Horn,31,Barstow,46
2026-02-20,South Callaway,34,Belle,58
2026-02-20,Tina-Avalon,47,Bevier,35
2026-02-20,Southern Boone,36,Boonville,73
2026-02-20,Novinger,34,Brashear,52
2026-02-20,Valley Park,46,Brentwood,49
2026-02-20,Linn County,34,Brunswick,68
2026-02-20,Meadville,47,Bucklin with Macon County,16
2026-02-20,St. Pius X (Festus),33,Bunker,44
2026-02-20,Nevada,54,Cassville,40
2026-02-20,St. Elizabeth,76,Chamois,6
2026-02-20,Bunceton,42,Christian Fellowship Sr.,72
2026-02-20,Centralia,65,Clark County,16
2026-02-20,Green Ridge,53,Cole Camp,22
2026-02-20,Westminster Christian Academy,37,Cuba,52
2026-02-20,St. Vincent,27,Doniphan,54
2026-02-20,Veritas Christian Academy,34,Duchesne,22
2026-02-20,Central (Kansas City),52,Ewing Marion Kauffman,40
2026-02-20,Francis Howell,44,Francis Howell Central,35
2026-02-20,Ft. Zumwalt West,46,Francis Howell North,54
2026-02-20,Ft. Zumwalt East,9,Ft. Zumwalt South,57
2026-02-20,Hannibal,67,Fulton,46
2026-02-20,Twin Rivers,55,Greenville,45
2026-02-20,Center,27,Harrisonville,74
2026-02-20,Exeter,41,Hartville,60
2026-02-20,Battle,34,Hickman,39
2026-02-20,South Shelby,68,Higbee,60
2026-02-20,Willard,60,Hillcrest,56
2026-02-20,Principia,69,John Burroughs,48
2026-02-20,Smithville,44,Kearney,55
2026-02-20,Portageville,44,Kennett,54
2026-02-20,Ruskin,22,KIPP KC Legacy,25
2026-02-20,Oakville,34,Kirkwood,63
2026-02-20,Parkway Central,41,Ladue Horton Watkins,55
2026-02-20,Lindbergh,48,Lafayette (Wildwood),60
2026-02-20,Liberal,53,Lakeland,46
2026-02-20,Blue Springs South,29,Lee's Summit West,78
2026-02-20,Central (St. Joseph),33,Liberty,51
2026-02-20,Troy Buchanan,61,Liberty (Wentzville),19
2026-02-20,Sacred Heart,43,Lincoln,25
2026-02-20,Notre Dame de Sion,48,Lincoln College Prep,59
2026-02-20,Marshfield,63,Logan-Rogersville,45
2026-02-20,Bloomfield with Richland (Essex),44,Malden,52
2026-02-20,Louisiana,54,Mark Twain,47
2026-02-20,Parkway South,42,Marquette,79
2026-02-20,Fox,35,Mehlville,39
2026-02-20,Lutheran South,56,MICDS,60
2026-02-20,Macon,34,Monroe City,44
2026-02-20,Kelly,24,Neelyville,58
2026-02-20,Richland,68,Newburg,50
2026-02-20,Hazelwood East,43,Normandy Collaborative,25
2026-02-20,Ft. Zumwalt North,38,North Point,50
2026-02-20,DeLaSalle Charter (KC),3,Northeast (Kansas City),36
2026-02-20,Faith Christian Academy,46,Northland Christian,44
2026-02-20,University City,71,Northwest (Cedar Hill),25
2026-02-20,Cor Jesu Academy,60,Notre Dame (Cape Girardeau),24
2026-02-20,North Kansas City,51,Oak Park,60
2026-02-20,Holt,47,Orchard Farm,52
2026-02-20,Highland,70,Palmyra,42
2026-02-20,Park Hill,41,Park Hill South,56
2026-02-20,Hazelwood Central,57,Parkway North,45
2026-02-20,Summit Christian Academy,36,Pembroke Hill,57
2026-02-20,Oak Grove,60,Pleasant Hill,35
2026-02-20,Madison,42,Prairie Home,70
2026-02-20,Clayton,50,Rockwood Summit,39
2026-02-20,Linn,63,Russellville,75
2026-02-20,Purdy,28,Sarcoxie,60
2026-02-20,Maryville,43,Savannah,52
2026-02-20,Halfway,34,School of the Ozarks,49
2026-02-20,Helias Catholic,41,Skyline,60
2026-02-20,Stover,68,Smithton,36
2026-02-20,East Newton,46,Southwest (Washburn),41
2026-02-20,Warrenton,45,St. Charles,38
2026-02-20,Winfield,34,St. Charles West,39
2026-02-20,Tipton,62,St. Teresa's Academy,47
2026-02-20,Affton,6,STEAM Academy,91
2026-02-20,Fort Osage,55,Truman,46
2026-02-20,El Dorado Springs,55,Versailles,44
2026-02-20,Butler,43,Walnut Grove,54
2026-02-20,Timberland,31,Washington,26
2026-02-20,Eureka,63,Webster Groves,45
2026-02-20,Bismarck,56,West County,38
2026-02-20,Carl Junction,45,West Plains,86
2026-02-20,Norwood,70,Willow Springs,42
2026-02-20,La Monte,33,Windsor,32
2026-02-20,Excelsior Springs,59,Winnetonka,54
2026-02-20,Puxico,57,Woodland,29
2026-02-21,Clopton,63,Boonville,47
2026-02-21,St. Elizabeth,44,Dixon,35
2026-02-21,Clearwater,31,Doniphan,82
2026-02-21,Cor Jesu Academy,36,Jackson,60
2026-02-23,Naylor,61,Scott County Central,53
2026-02-23,Bunker,66,Lesterville,26
2026-02-23,Oak Ridge,68,South Iron,41
2026-02-23,Koshkonong,63,Niangua,66
2026-02-23,School of the Ozarks,54,Galena,43
2026-02-23,Fair Play,45,Everton,30
2026-02-23,Dadeville,40,Halfway,31
2026-02-23,Thomas Jefferson Independent Day,41,Exeter,47
2026-02-23,McAuley Catholic,60,Verona,50
2026-02-23,Wheaton,35,Sheldon,22
2026-02-23,Montrose with Ballard,59,Bronaugh,28
2026-02-23,Drexel,61,Miami (Amoret),30
2026-02-23,La Monte,50,Chilhowee,48
2026-02-23,Green Ridge,52,Leeton,12
2026-02-23,Sacred Heart,55,Kingsville,38
2026-02-23,Macks Creek,41,Hermitage,52
2026-02-23,Climax Springs,35,Humansville,41
2026-02-23,Tuscumbia,42,Christian Fellowship Sr.,68
2026-02-23,Stoutland,96,Chamois,16
2026-02-23,Newburg,58,Columbia Independent,14
2026-02-23,Otterville,68,Bunceton,28
2026-02-23,Prairie Home,55,Pilot Grove,37
2026-02-23,Bucklin with Macon County,55,Bevier,29
2026-02-23,Higbee,78,Wellsville-Middletown,27
2026-02-23,Community,62,Madison,24
2026-02-23,Marion County,55,Brashear,35
2026-02-23,North Shelby,67,Atlanta,18
2026-02-23,Green City,70,Novinger,55
2026-02-23,Tina-Avalon,38,Linn County,33
2026-02-23,Brunswick,71,Hale with Bosworth,14
2026-02-23,Meadville,60,Northwestern (Mendon) with Keytesville,19
2026-02-23,Norborne,39,Braymer,29
2026-02-23,Hardin-Central,75,Southwest (Livingston County) with Breckenridge,19
2026-02-23,Winston,28,Orrick,31
2026-02-23,North Harrison,48,Tri-County,31
2026-02-23,Princeton,57,Cainsville with Ridgeway,26
2026-02-23,Mercer,47,Pattonsburg,32
2026-02-23,Union Star,41,South Holt,27
2026-02-23,North Andrew,29,Osborn with Stewartsville,16
2026-02-23,Worth County,40,South Nodaway with Jefferson (Conception),44
2026-02-23,Mound City,66,Northeast Nodaway,26
2026-02-23,Stanberry,57,North Nodaway,16
2026-02-23,Hayti,41,Senath-Hornersville,35
2026-02-23,Holcomb,1,South Pemiscot,0
2026-02-23,Malden,79,Charleston,44
2026-02-23,Greenville,48,Puxico,39
2026-02-23,Ellington,38,East Carter,42
2026-02-23,Van Buren,67,Valley,9
2026-02-23,Crystal City,28,New Haven,35
2026-02-23,Valle Catholic with St. Paul Lutheran (Farmington),61,Rosati-Kain,20
2026-02-23,Brentwood,38,Bishop DuBourg,31
2026-02-23,South Shelby,67,Silex,36
2026-02-23,Paris with Faith Walk,65,Sturgeon,53
2026-02-23,Louisiana,46,Van-Far,42
2026-02-23,Schuyler County,71,Putnam County,28
2026-02-23,Knox County,52,Milan,39
2026-02-23,Glasgow,41,Salisbury,28
2026-02-23,Westran,64,Slater with Malta Bend,22
2026-02-23,Marceline,55,Fayette,32
2026-02-23,Linn,72,New Bloomfield,19
2026-02-23,Calvary Lutheran,62,Smithton,25
2026-02-23,Richland,71,Eugene,41
2026-02-23,Vienna,46,Plato,14
2026-02-23,Fordland,37,Bakersfield,40
2026-02-23,Gainesville,43,Mansfield,35
2026-02-23,Hartville,37,Dora,34
2026-02-23,Marion C. Early,49,Spokane,32
2026-02-23,Blue Eye,48,Pleasant Hope,32
2026-02-23,Crane,59,New Covenant Academy,36
2026-02-23,Jasper,53,New Heights Christian,45
2026-02-23,Marionville,63,Purdy,19
2026-02-23,Greenfield with Golden City,58,Billings with Hurley,51
2026-02-23,Sherwood,32,Lakeland,37
2026-02-23,Osceola,73,Lincoln,18
2026-02-23,Midway,49,Northeast Vernon County with Rich Hill,16
2026-02-23,Wellington-Napoleon,40,Sweet Springs,26
2026-02-23,Concordia,55,St. Paul Lutheran (Concordia),31
2026-02-23,Lutheran (Kansas City),52,Polo,34
2026-02-23,Northland Christian,68,DeLaSalle Charter (KC),18
2026-02-23,Tarkio with Fairfax,24,West Nodaway with Nodaway-Holt,42
2026-02-23,Maysville,50,Penney,37
2026-02-23,St. Joseph Christian,57,Gallatin,29
2026-02-23,Kelly,1,Woodland,0
2026-02-23,West County,65,Grandview (Hillsboro),33
2026-02-23,Jefferson (Festus),70,Kingston,21
2026-02-23,Hancock,24,Believe Acad Charter,10
2026-02-23,Bowling Green,50,Valley Park,57
2026-02-23,Macon,58,Palmyra,35
2026-02-23,Mark Twain,47,Clark County,26
2026-02-23,Montgomery County,55,North Callaway,25
2026-02-23,Hermann,52,South Callaway,29
2026-02-23,Steelville,59,Laquey,55
2026-02-23,Belle,53,Bourbon,34
2026-02-23,Liberty (Mountain View),54,Houston,44
2026-02-23,Licking,56,Cabool,27
2026-02-23,Ava,38,Conway,17
2026-02-23,Sarcoxie,59,Diamond,44
2026-02-23,Adrian,52,Lamar,41
2026-02-23,El Dorado Springs,42,Stockton,28
2026-02-23,Warsaw,57,Versailles,50
2026-02-23,Holden,43,Windsor,28
2026-02-23,University Academy Charter,46,Hogan Prep Academy Charter,34
2026-02-23,West Platte,47,East Buchanan,31
2026-02-23,North Platte,74,KIPP KC Legacy,37
2026-02-23,Lathrop,53,Brookfield,36
2026-02-23,Lawson,48,Trenton,24
2026-02-23,Ruskin,10,Belton,45
2026-02-23,Lee's Summit,41,Blue Springs,53
2026-02-23,Liberty North,75,Blue Springs South,32
2026-02-23,McDonald County,44,Branson,46
2026-02-23,Forsyth,39,Buffalo,59
2026-02-23,Marshfield,69,Carl Junction,36
2026-02-23,Waynesville,52,Central (Springfield),25
2026-02-23,St. Francis Borgia,43,Cor Jesu Academy,53
2026-02-23,Jackson,76,Dexter,13
2026-02-23,Smithville,62,Excelsior Springs,45
2026-02-23,Farmington,40,Fredericktown,19
2026-02-23,Liberty (Wentzville),35,Ft. Zumwalt West,44
2026-02-23,Hallsville,28,Fulton,41
2026-02-23,Kickapoo,71,Glendale,30
2026-02-23,STEAM Academy,62,Hazelwood East,31
2026-02-23,Jefferson City,57,Helias Catholic,53
2026-02-23,Mountain Grove,69,Hollister,46
2026-02-23,Lift for Life Academy Charter,70,John Burroughs,58
2026-02-23,Doniphan,78,Kennett,54
2026-02-23,Parkway Central,31,Kirkwood,48
2026-02-23,Carthage,48,Lebanon,42
2026-02-23,Raymore-Peculiar,55,Lee's Summit North,21
2026-02-23,Park Hill,40,Liberty,60
2026-02-23,Whitfield,47,Lutheran St. Charles,74
2026-02-23,Gateway with Soldan International Studies,12,Maplewood-Richmond Hts.,56
2026-02-23,Clever,43,Mt. Vernon,55
2026-02-23,Webb City,72,Neosho,25
2026-02-23,Festus,72,North County,46
2026-02-23,Central (Park Hills),28,Notre Dame (Cape Girardeau),49
2026-02-23,Knob Noster,47,Oak Grove,62
2026-02-23,Nixa,58,Ozark,55
2026-02-23,Wright City,28,Pacific,58
2026-02-23,Joplin,65,Parkview,18
2026-02-23,Union,15,Rolla,75
2026-02-23,East Newton,54,Seneca,24
2026-02-23,Poplar Bluff,38,Sikeston,54
2026-02-23,Salem,50,St. Clair,63
2026-02-23,St. Joseph's Academy,56,St. Dominic,53
2026-02-23,Lee's Summit West,45,Staley,63
2026-02-23,Perryville,69,Ste. Genevieve,58
2026-02-23,Hillcrest,45,West Plains,69
2026-02-23,Platte County,57,William Chrisman,40
2026-02-24,Seckman,72,Affton,13
2026-02-24,Osage,42,Boonville,75
2026-02-24,Blair Oaks,44,California,66
2026-02-24,Smith-Cotton,55,Capital City,40
2026-02-24,North Kansas City,57,Central (St. Joseph),19
2026-02-24,Cameron,21,Chillicothe,60
2026-02-24,Camdenton,58,Cuba,56
2026-02-24,Lindbergh,51,Fox,40
2026-02-24,Orchard Farm,54,Ft. Zumwalt East,21
2026-02-24,Winfield,62,Ft. Zumwalt North,49
2026-02-24,Truman,33,Grain Valley,62
2026-02-24,Kearney,38,Grandview,56
2026-02-24,Mexico,81,Hannibal,65
2026-02-24,Pleasant Hill,50,Harrisonville,66
2026-02-24,Hickman,60,Helias Catholic,65
2026-02-24,Marshall,34,Kirksville,41
2026-02-24,Savannah,29,Lafayette (St. Joseph),46
2026-02-24,Francis Howell Central,49,Lafayette (Wildwood),44
2026-02-24,Francis Howell,58,Liberty (Wentzville),40
2026-02-24,Oakville,24,Marquette,59
2026-02-24,McCluer,6,McCluer North,69
2026-02-24,Fulton,45,Moberly,41
2026-02-24,Central (Springfield),61,Monett,65
2026-02-24,Cassville,60,Neosho,39
2026-02-24,Cor Jesu Academy,71,Nerinx Hall,41
2026-02-24,Incarnate Word Academy,84,Notre Dame (St. Louis),9
2026-02-24,St. Michael the Archangel,35,Notre Dame de Sion,36
2026-02-24,Park Hill South,66,Oak Park,53
2026-02-24,St. Charles West,44,Parkway Central,26
2026-02-24,Whitfield,45,Parkway North,60
2026-02-24,Ft. Zumwalt South,67,Parkway South,53
2026-02-24,Hazelwood West,72,Pattonville,41
2026-02-24,Fort Osage,76,Raytown,46
2026-02-24,Odessa,56,Richmond,50
2026-02-24,Pacific,37,Rockwood Summit,39
2026-02-24,Wright City,46,St. Charles,61
2026-02-24,Parkway West,34,STEAM Academy,49
2026-02-24,Owensville,34,Sullivan,48
2026-02-24,Francis Howell North,70,Timberland,49
2026-02-24,Rock Bridge,57,Troy Buchanan,49
2026-02-24,Westminster Christian Academy,42,Visitation Academy,30
2026-02-24,Clinton,28,Warrensburg,46
2026-02-24,Holt,54,Warrenton,49
2026-02-24,Aurora,38,Webb City,69
2026-02-24,Lutheran South,53,Webster Groves,42
2026-02-24,Republic,84,Willard,54
2026-02-25,Delta,64,Naylor,31
2026-02-25,Bunker,63,Oak Ridge,57
2026-02-25,Chadwick,66,Niangua,21
2026-02-25,Couch,66,School of the Ozarks,42
2026-02-25,Walnut Grove,69,Fair Play,28
2026-02-25,Lockwood,54,Dadeville,28
2026-02-25,Liberal,51,Exeter,54
2026-02-25,McAuley Catholic,31,Wheaton,37
2026-02-25,Appleton City,64,Montrose with Ballard,28
2026-02-25,Hume,50,Drexel,25
2026-02-25,Northwest (Hughesville),68,La Monte,21
2026-02-25,Green Ridge,38,Sacred Heart,34
2026-02-25,Wheatland,55,Hermitage,32
2026-02-25,Weaubleau,39,Humansville,26
2026-02-25,St. Elizabeth,58,Christian Fellowship Sr.,26
2026-02-25,Stoutland,65,Newburg,58
2026-02-25,Jamestown,54,Otterville,18
2026-02-25,New Franklin,60,Prairie Home,31
2026-02-25,Northeast (Cairo),58,Bucklin with Macon County,20
2026-02-25,Higbee,51,Community,58
2026-02-25,La Plata,69,Marion County,62
2026-02-25,North Shelby,71,Green City,55
2026-02-25,Grundy County with Newtown-Harris,68,Tina-Avalon,37
2026-02-25,Brunswick,27,Meadville,52
2026-02-25,Faith Christian Academy,46,Norborne,48
2026-02-25,Hardin-Central,62,Orrick,38
2026-02-25,Gilman City with North Daviess,42,North Harrison,37
2026-02-25,Princeton,32,Mercer,26
2026-02-25,King City,30,Union Star,19
2026-02-25,DeKalb,40,North Andrew,43
2026-02-25,Rock Port,69,South Nodaway with Jefferson (Conception),44
2026-02-25,Mound City,42,Stanberry,35
2026-02-25,Portageville,73,Hayti,32
2026-02-25,Campbell,52,Holcomb,28
2026-02-25,Neelyville,50,Malden,56
2026-02-25,Chaffee,69,Greenville,63
2026-02-25,Bismarck,71,East Carter,41
2026-02-25,Alton,45,Van Buren,40
2026-02-25,Duchesne,48,New Haven,20
2026-02-25,Valle Catholic with St. Paul Lutheran (Farmington),51,Brentwood,45
2026-02-25,Clopton,65,South Shelby,38
2026-02-25,Paris with Faith Walk,43,Louisiana,41
2026-02-25,Canton,55,Schuyler County,54
2026-02-25,Scotland County,53,Knox County,43
2026-02-25,Harrisburg,48,Glasgow,58
2026-02-25,Westran,39,Marceline,36
2026-02-25,Tipton,92,Linn,34
2026-02-25,Russellville,74,Calvary Lutheran,44
2026-02-25,Crocker,53,Richland,37
2026-02-25,Iberia,47,Vienna,37
2026-02-25,Norwood,64,Bakersfield,26
2026-02-25,Gainesville,26,Hartville,38
2026-02-25,Greenwood,50,Marion C. Early,38
2026-02-25,Blue Eye,36,Crane,35
2026-02-25,Miller,66,Jasper,32
2026-02-25,Marionville,53,Greenfield with Golden City,32
2026-02-25,Archie,74,Lakeland,40
2026-02-25,Osceola,46,Midway,36
2026-02-25,Crest Ridge,56,Wellington-Napoleon,27
2026-02-25,Santa Fe,32,Concordia,36
2026-02-25,Plattsburg,34,Lutheran (Kansas City),32
2026-02-25,Barstow,41,Northland Christian,27
2026-02-25,Albany,58,West Nodaway with Nodaway-Holt,44
2026-02-25,Maysville,48,St. Joseph Christian,44
2026-02-25,Twin Rivers,101,East Prairie,16
2026-02-25,Bloomfield with Richland (Essex),39,Central (New Madrid County),43
2026-02-25,St. Vincent,75,Kelly,46
2026-02-25,Saxony Lutheran,59,Scott City,57
2026-02-25,Arcadia Valley,67,West County,28
2026-02-25,Clearwater,84,Jefferson (Festus),79
2026-02-25,Lutheran North,66,Hancock,12
2026-02-25,Collegiate School of Med-Bio Science,46,KIPP St. Louis Sr.,45
2026-02-25,Principia,71,Valley Park,10
2026-02-25,Elsberry,34,Veritas Christian Academy,29
2026-02-25,Highland,63,Macon,35
2026-02-25,Monroe City,56,Mark Twain,33
2026-02-25,Centralia,46,Montgomery County,13
2026-02-25,Father Tolton,54,Hermann,46
2026-02-25,Dixon,67,Steelville,37
2026-02-25,Fatima,56,Belle,49
2026-02-25,Thayer,76,Liberty (Mountain View),54
2026-02-25,Willow Springs,53,Licking,37
2026-02-25,Fair Grove,54,Ava,26
2026-02-25,Springfield Catholic,26,Sparta,33
2026-02-25,Ash Grove,47,Sarcoxie,26
2026-02-25,Pierce City,59,Southwest (Washburn),51
2026-02-25,Skyline,45,Adrian,31
2026-02-25,Butler,47,El Dorado Springs,40
2026-02-25,Stover,53,Warsaw,37
2026-02-25,Cole Camp,48,Holden,54
2026-02-25,Lone Jack,48,University Academy Charter,34
2026-02-25,Lafayette County,46,Lexington,45
2026-02-25,Mid-Buchanan,42,West Platte,29
2026-02-25,Bishop LeBlond,44,North Platte,40
2026-02-25,South Harrison,58,Lathrop,32
2026-02-25,Carrollton,45,Lawson,51
2026-02-25,Pembroke Hill,35,Blue Springs,62
2026-02-25,Potosi,58,Central (Park Hills),32
2026-02-25,University City,58,Clayton,47
2026-02-25,Ste. Genevieve,49,DeSoto,35
2026-02-25,Oak Grove,71,Excelsior Springs,51
2026-02-25,Festus,48,Farmington,63
2026-02-25,St. Francis Borgia,69,Hillsboro,71
2026-02-25,Parkway South,46,Kirkwood,68
2026-02-25,Notre Dame (St. Louis),32,Nerinx Hall,63
2026-02-25,St. Pius X (Festus),74,Oakville,40
2026-02-25,Jackson,74,Sikeston,17
2026-02-25,Glendale,33,Strafford,51
2026-02-25,Clinton,35,Van Horn,41
2026-02-25,Gateway with Soldan International Studies,22,Vashon,42
2026-02-25,Perryville,61,Windsor (Imperial),36
2026-02-26,Truman,48,Belton,41
2026-02-26,St. Teresa's Academy,48,Benton,44
2026-02-26,Carl Junction,50,Cassville,51
2026-02-26,Lincoln College Prep,60,Central (Kansas City),17
2026-02-26,Maryville,46,Chillicothe,51
2026-02-26,Fulton,43,Eldon,65
2026-02-26,Dexter,20,Fredericktown,55
2026-02-26,Lebanon,37,Glendale,54
2026-02-26,Bayless,27,Herculaneum,43
2026-02-26,Jefferson City,40,Hickman,72
2026-02-26,Lift for Life Academy Charter,50,Incarnate Word Academy,70
2026-02-26,Webb City,69,Joplin,34
2026-02-26,Winnetonka,24,Kearney,62
2026-02-26,Central (Springfield),20,Kickapoo,77
2026-02-26,Staley,69,Lee's Summit,26
2026-02-26,Lee's Summit West,80,Liberty North,57
2026-02-26,Bolivar,45,Logan-Rogersville,70
2026-02-26,Westminster Christian Academy,38,Lutheran South,73
2026-02-26,Boonville,66,Mexico,44
2026-02-26,St. Joseph's Academy,52,MICDS,55
2026-02-26,Aurora,33,Mt. Vernon,44
2026-02-26,McDonald County,47,Nevada,35
2026-02-26,Ft. Zumwalt West,36,North Point,50
2026-02-26,Smith-Cotton,58,Osage,62
2026-02-26,North County,47,Owensville,31
2026-02-26,Fox,33,Pacific,22
2026-02-26,Mehlville,38,Parkway Central,24
2026-02-26,Fort Osage,36,Platte County,46
2026-02-26,Blue Springs South,36,Raymore-Peculiar,38
2026-02-26,Parkview,17,Republic,77
2026-02-26,Battle,40,Rolla,65
2026-02-26,William Chrisman,51,Ruskin,19
2026-02-26,Rockwood Summit,44,Seckman,63
2026-02-26,Grandview,54,Smithville,51
2026-02-26,Ft. Zumwalt South,48,St. Charles,28
2026-02-26,Francis Howell,44,St. Dominic,45
2026-02-26,Camdenton,45,St. James,57
2026-02-26,Pattonville,51,Timberland,46
2026-02-26,Warrenton,42,Union,48
2026-02-26,Sullivan,50,Washington,38
2026-02-26,Ozark,63,Waynesville,40
2026-02-26,Strafford,64,West Plains,58
2026-02-27,Delta,47,Bunker,46
2026-02-27,Chadwick,71,Couch,40
2026-02-27,Walnut Grove,48,Lockwood,42
2026-02-27,Wheaton,37,Exeter,41
2026-02-27,Appleton City,41,Hume,48
2026-02-27,Northwest (Hughesville),45,Green Ridge,51
2026-02-27,Wheatland,62,Weaubleau,33
2026-02-27,St. Elizabeth,69,Stoutland,42
2026-02-27,Jamestown,30,New Franklin,36
2026-02-27,Northeast (Cairo),73,Community,39
2026-02-27,La Plata,35,North Shelby,55
2026-02-27,Grundy County with Newtown-Harris,44,Meadville,39
2026-02-27,Hardin-Central,44,Norborne,48
2026-02-27,Gilman City with North Daviess,33,Princeton,25
2026-02-27,King City,24,North Andrew,26
2026-02-27,Rock Port,41,Mound City,37
2026-02-27,Portageville,56,Campbell,26
2026-02-27,Chaffee,55,Malden,43
2026-02-27,Bismarck,49,Alton,45
2026-02-27,Duchesne,43,Valle Catholic with St. Paul Lutheran (Farmington),36
2026-02-27,Clopton,64,Paris with Faith Walk,41
2026-02-27,Canton,74,Scotland County,55
2026-02-27,Westran,48,Glasgow,39
2026-02-27,Tipton,70,Russellville,40
2026-02-27,Crocker,49,Iberia,63
2026-02-27,Norwood,45,Hartville,25
2026-02-27,Greenwood,44,Blue Eye,25
2026-02-27,Miller,46,Marionville,47
2026-02-27,Archie,52,Osceola,48
2026-02-27,Crest Ridge,61,Concordia,33
2026-02-27,Plattsburg,19,Barstow,36
2026-02-27,Albany,43,Maysville,31
2026-02-27,Twin Rivers,56,Central (New Madrid County),45
2026-02-27,St. Vincent,70,Saxony Lutheran,38
2026-02-27,Arcadia Valley,74,Clearwater,38
2026-02-27,Lutheran North,67,Collegiate School of Med-Bio Science,15
2026-02-27,Principia,65,Elsberry,23
2026-02-27,Highland,61,Monroe City,45
2026-02-27,Centralia,67,Father Tolton,48
2026-02-27,Dixon,55,Fatima,46
2026-02-27,Thayer,60,Willow Springs,66
2026-02-27,Fair Grove,37,Sparta,55
2026-02-27,Ash Grove,52,Pierce City,46
2026-02-27,Skyline,74,Butler,50
2026-02-27,Stover,43,Holden,49
2026-02-27,Lone Jack,59,Lafayette County,48
2026-02-27,Mid-Buchanan,25,Bishop LeBlond,31
2026-02-27,South Harrison,43,Lawson,42
2026-02-27,Park Hill,60,Central (St. Joseph),22
2026-02-27,Notre Dame (Cape Girardeau),14,Doniphan,86
2026-02-27,Ruskin,16,Fort Osage,46
2026-02-27,Francis Howell Central,50,Francis Howell North,36
2026-02-27,Kirksville,57,Fulton,38
2026-02-27,Affton,15,Gateway Science Charter,59
2026-02-27,Jackson,75,Hazelwood West,43
2026-02-27,McDonald County,46,Hillcrest,60
2026-02-27,Warrensburg,46,Knob Noster,50
2026-02-27,Clayton,57,Ladue Horton Watkins,61
2026-02-27,Blue Springs,60,Lee's Summit North,31
2026-02-27,Ft. Zumwalt North,33,Liberty (Wentzville),59
2026-02-27,Pembroke Hill,31,Lincoln College Prep,34
2026-02-27,Webster Groves,45,Marquette,74
2026-02-27,East Newton,56,Neosho,42
2026-02-27,Liberty North,78,Nixa,46
2026-02-27,Park Hill South,48,North Kansas City,41
2026-02-27,Helias Catholic,49,Rock Bridge,66
2026-02-27,Warrenton,38,Southern Boone,44
2026-02-27,Ursuline Academy,62,St. Pius X (Festus),60
2026-02-27,Potosi,51,Ste. Genevieve,41
2026-02-27,Carthage,35,Willard,64
2026-02-27,Orchard Farm,51,Winfield,47
2026-02-28,Liberty North,78,Kickapoo,66
2026-03-02,Chadwick,55,Delta,58
2026-03-02,Exeter,30,Walnut Grove,63
2026-03-02,Gilman City with North Daviess,64,Norborne,29
2026-03-02,Rock Port,55,North Andrew,20
2026-03-02,Green Ridge,54,Hume,56
2026-03-02,St. Elizabeth,65,Wheatland,46
2026-03-02,Northeast (Cairo),34,New Franklin,27
2026-03-02,Grundy County with Newtown-Harris,31,North Shelby,42
2026-03-02,Chaffee,43,Portageville,63
2026-03-02,Duchesne,46,Bismarck,56
2026-03-02,Crest Ridge,24,Archie,50
2026-03-02,Albany,21,Barstow,53
2026-03-02,Canton,44,Clopton,72
2026-03-02,Tipton,70,Westran,29
2026-03-02,Norwood,52,Iberia,32
2026-03-02,Marionville,63,Greenwood,38
2026-03-02,St. Vincent,63,Twin Rivers,33
2026-03-02,Lutheran North,38,Arcadia Valley,59
2026-03-02,Lone Jack,61,Holden,33
2026-03-02,South Harrison,46,Bishop LeBlond,43
2026-03-02,Dixon,24,Centralia,48
2026-03-02,Sparta,44,Willow Springs,46
2026-03-02,Skyline,57,Ash Grove,41
2026-03-02,Perryville,58,Dexter,43
2026-03-02,Central (Park Hills),55,Ste. Genevieve,47
2026-03-02,St. Pius X (Festus),91,Herculaneum,24
2026-03-02,St. Clair,60,Owensville,50
2026-03-02,Sullivan,46,Salem,26
2026-03-02,Bayless,47,Affton,35
2026-03-02,Gateway Science Charter,53,Metro,60
2026-03-02,Maplewood-Richmond Hts.,67,Vashon,20
2026-03-02,Villa Duchesne,62,Jennings,46
2026-03-02,Visitation Academy,61,Normandy Collaborative,33
2026-03-02,St. Charles,42,Winfield,43
2026-03-02,Orchard Farm,64,Wright City,32
2026-03-02,Fulton,50,Hallsville,34
2026-03-02,Blair Oaks,57,Southern Boone,42
2026-03-02,Osage,59,Eldon,29
2026-03-02,Mountain Grove,59,Buffalo,57
2026-03-02,Forsyth,56,Hollister,55
2026-03-02,East Newton,46,Monett,39
2026-03-02,Mt. Vernon,58,Seneca,37
2026-03-02,Summit Christian Academy,48,Center,42
2026-03-02,Harrisonville,55,Clinton,30
2026-03-02,Richmond,43,Excelsior Springs,46
2026-03-02,Knob Noster,48,Marshall,26
2026-03-02,Ewing Marion Kauffman,48,Paseo Academy,12
2026-03-02,Pembroke Hill,71,Guadalupe Centers Charter,6
2026-03-02,Chillicothe,46,Maryville,49
2026-03-02,Savannah,66,Cameron,37
2026-03-02,Hillsboro,53,Poplar Bluff,33
2026-03-02,Central (Cape Girardeau),64,DeSoto,40
2026-03-02,Farmington,70,Sikeston,22
2026-03-02,Festus,75,Notre Dame (Cape Girardeau),33
2026-03-02,Lift for Life Academy Charter,83,Gateway with Soldan International Studies,1
2026-03-02,Windsor (Imperial),29,Rockwood Summit,56
2026-03-02,Webster Groves,61,Confluence Prep Academy Charter with Grand Center Arts Charter,16
2026-03-02,Mehlville,53,Nerinx Hall,39
2026-03-02,University City,78,McCluer,1
2026-03-02,Ladue Horton Watkins,69,Hazelwood East,33
2026-03-02,Whitfield,77,Riverview Gardens,27
2026-03-02,MICDS,62,McCluer North,17
2026-03-02,Ft. Zumwalt South,62,Ft. Zumwalt East,23
2026-03-02,Holt,36,Warrenton,46
2026-03-02,St. Dominic,63,Hannibal,21
2026-03-02,Parkway North,40,Parkway Central,28
2026-03-02,Jefferson City,54,Washington,37
2026-03-02,Union,34,Pacific,33
2026-03-02,Helias Catholic,79,Lebanon,26
2026-03-02,Camdenton,61,Capital City,25
2026-03-02,Marshfield,68,Parkview,17
2026-03-02,Webb City,55,Willard,62
2026-03-02,West Plains,70,Central (Springfield),18
2026-03-02,McDonald County,62,Hillcrest,36
2026-03-02,Grandview,74,Ruskin,4
2026-03-02,Warrensburg,60,Raytown,58
2026-03-02,St. Michael the Archangel,52,Raytown South,35
2026-03-02,Carl Junction,52,Belton,32
2026-03-02,Kearney,82,Northeast (Kansas City),13
2026-03-02,Platte County,57,Winnetonka,55
2026-03-02,Lincoln College Prep,48,Van Horn,14
2026-03-02,St. Pius X (Kansas City),61,William Chrisman,26
2026-03-02,Jackson,87,Fox,11
2026-03-02,Kirkwood,57,Seckman,48
2026-03-02,Cor Jesu Academy,59,Lindbergh,24
2026-03-02,Ursuline Academy,75,Oakville,19
2026-03-02,Marquette,73,Northwest (Cedar Hill),28
2026-03-02,Rolla,58,Lafayette (Wildwood),34
2026-03-02,St. Joseph's Academy,85,Parkway West,28
2026-03-02,Eureka,75,Parkway South,44
2026-03-02,Incarnate Word Academy,94,Ritenour,11
2026-03-02,Hazelwood Central,51,Francis Howell North,34
2026-03-02,Lutheran St. Charles,84,Pattonville,22
2026-03-02,John Burroughs,70,Hazelwood West,58
2026-03-02,Troy Buchanan,68,Ft. Zumwalt West,27
2026-03-02,North Point,62,Ft. Zumwalt North,38
2026-03-02,Francis Howell,68,Liberty (Wentzville),23
2026-03-02,Francis Howell Central,53,Timberland,37
2026-03-02,Kickapoo,98,Neosho,25
2026-03-02,Ozark,58,Branson,41
2026-03-02,Republic,58,Waynesville,34
2026-03-02,Nixa,58,Glendale,29
2026-03-02,Lee's Summit West,87,Lee's Summit North,13
2026-03-02,Lee's Summit,64,Truman,32
2026-03-02,St. Teresa's Academy,51,Joplin,17
2026-03-02,Raymore-Peculiar,64,Carthage,47
2026-03-02,Rock Bridge,74,Fort Osage,40
2026-03-02,Blue Springs,45,Battle,32
2026-03-02,Grain Valley,65,Smith-Cotton,21
2026-03-02,Hickman,41,Blue Springs South,37
2026-03-02,Staley,72,Central (St. Joseph),15
2026-03-02,North Kansas City,38,Liberty,51
2026-03-02,Park Hill South,49,Park Hill,44
2026-03-02,Liberty North,73,Oak Park,61
2026-03-04,Highland,43,Principia,47
2026-03-04,Doniphan,65,Perryville,32
2026-03-04,Kennett,56,Fredericktown,25
2026-03-04,Cuba,31,St. Clair,28
2026-03-04,St. James,29,Sullivan,19
2026-03-04,Lutheran South,61,Bayless,9
2026-03-04,St. Francis Borgia,61,Notre Dame (St. Louis),34
2026-03-04,Cardinal Ritter,117,Metro,14
2026-03-04,Miller Career Academy with Sumner,58,Maplewood-Richmond Hts.,24
2026-03-04,Clayton,65,Villa Duchesne,37
2026-03-04,Westminster Christian Academy,51,Visitation Academy,54
2026-03-04,STEAM Academy,55,Winfield,38
2026-03-04,St. Charles West,46,Orchard Farm,48
2026-03-04,Kirksville,50,Fulton,23
2026-03-04,Mexico,60,Moberly,54
2026-03-04,Boonville,67,Blair Oaks,45
2026-03-04,California,77,Osage,71
2026-03-04,Strafford,74,Mountain Grove,42
2026-03-04,Logan-Rogersville,63,Bolivar,43
2026-03-04,Reeds Spring,52,Forsyth,32
2026-03-04,Clever,30,Aurora,31
2026-03-04,Nevada,41,East Newton,24
2026-03-04,Cassville,59,Mt. Vernon,49
2026-03-04,Notre Dame de Sion,60,Summit Christian Academy,35
2026-03-04,Pleasant Hill,56,Harrisonville,40
2026-03-04,Oak Grove,63,Excelsior Springs,39
2026-03-04,Odessa,47,Knob Noster,60
2026-03-04,Smithville,59,Ewing Marion Kauffman,16
2026-03-04,Central (Kansas City),26,Pembroke Hill,69
2026-03-04,Benton,47,Maryville,43
2026-03-04,Lafayette (St. Joseph),60,Savannah,43
2026-03-04,Hillsboro,51,Central (Cape Girardeau),45
2026-03-04,Farmington,61,Festus,62
2026-03-04,Lift for Life Academy Charter,67,Rockwood Summit,24
2026-03-04,Webster Groves,55,Mehlville,29
2026-03-04,University City,66,Ladue Horton Watkins,47
2026-03-04,Whitfield,45,MICDS,58
2026-03-04,Ft. Zumwalt South,50,Warrenton,30
2026-03-04,St. Dominic,50,Parkway North,45
2026-03-04,Jefferson City,88,Union,29
2026-03-04,Helias Catholic,55,Camdenton,38
2026-03-04,Marshfield,67,Willard,52
2026-03-04,West Plains,60,McDonald County,39
2026-03-04,Grandview,56,Warrensburg,22
2026-03-04,St. Michael the Archangel,48,Carl Junction,30
2026-03-04,Kearney,44,Platte County,29
2026-03-04,Lincoln College Prep,65,St. Pius X (Kansas City),53
2026-03-04,Jackson,65,Kirkwood,27
2026-03-04,Cor Jesu Academy,56,Ursuline Academy,50
2026-03-04,Marquette,63,Rolla,47
2026-03-04,St. Joseph's Academy,74,Eureka,42
2026-03-04,Incarnate Word Academy,73,Hazelwood Central,24
2026-03-04,Lutheran St. Charles,71,John Burroughs,61
2026-03-04,Troy Buchanan,61,North Point,22
2026-03-04,Francis Howell,41,Francis Howell Central,32
2026-03-04,Kickapoo,63,Ozark,38
2026-03-04,Republic,41,Nixa,52
2026-03-04,Lee's Summit West,70,Lee's Summit,45
2026-03-04,St. Teresa's Academy,58,Raymore-Peculiar,49
2026-03-04,Rock Bridge,65,Blue Springs,40
2026-03-04,Grain Valley,41,Hickman,40
2026-03-04,Staley,90,Liberty,34
2026-03-04,Park Hill South,67,Liberty North,52
2026-03-05,Potosi,42,Central (Park Hills),28
2026-03-05,North County,34,St. Pius X (Festus),62
2026-03-06,Walnut Grove,41,Delta,60
2026-03-06,Rock Port,43,Gilman City with North Daviess,31
2026-03-06,St. Elizabeth,58,Hume,28
2026-03-06,North Shelby,45,Northeast (Cairo),58
2026-03-06,Bismarck,47,Portageville,57
2026-03-06,Barstow,46,Archie,31
2026-03-06,Tipton,61,Clopton,42
2026-03-06,Marionville,46,Norwood,42
2026-03-06,Arcadia Valley,22,St. Vincent,46
2026-03-06,South Harrison,46,Lone Jack,69
2026-03-06,Centralia,59,Principia,62
2026-03-06,Skyline,67,Willow Springs,55
2026-03-06,Doniphan,69,Kennett,49
2026-03-06,Cuba,32,St. James,39
2026-03-06,Lutheran South,42,St. Francis Borgia,57
2026-03-06,Cardinal Ritter,74,Miller Career Academy with Sumner,10
2026-03-06,Clayton,60,Visitation Academy,37
2026-03-06,STEAM Academy,35,Orchard Farm,44
2026-03-06,Kirksville,67,Mexico,57
2026-03-06,Boonville,60,California,48
2026-03-06,Strafford,75,Logan-Rogersville,68
2026-03-06,Reeds Spring,40,Aurora,29
2026-03-06,Nevada,45,Cassville,29
2026-03-06,Notre Dame de Sion,56,Pleasant Hill,52
2026-03-06,Oak Grove,58,Knob Noster,54
2026-03-06,Smithville,39,Pembroke Hill,27
2026-03-06,Benton,53,Lafayette (St. Joseph),51
2026-03-06,Hillsboro,40,Festus,45
2026-03-06,Lift for Life Academy Charter,62,Webster Groves,28
2026-03-06,University City,48,MICDS,59
2026-03-06,Ft. Zumwalt South,33,St. Dominic,47
2026-03-06,Jefferson City,49,Helias Catholic,62
2026-03-06,Marshfield,65,West Plains,51
2026-03-06,Grandview,47,St. Michael the Archangel,31
2026-03-06,Kearney,44,Lincoln College Prep,41
2026-03-06,Jackson,47,Cor Jesu Academy,37
2026-03-06,Marquette,75,St. Joseph's Academy,69
2026-03-06,Incarnate Word Academy,63,Lutheran St. Charles,31
2026-03-06,Troy Buchanan,47,Francis Howell,35
2026-03-06,Kickapoo,45,Nixa,36
2026-03-06,Lee's Summit West,63,St. Teresa's Academy,38
2026-03-06,Rock Bridge,75,Grain Valley,48
2026-03-06,Staley,48,Park Hill South,33
2026-03-07,Potosi,51,St. Pius X (Festus),49
2026-03-09,Potosi,37,Doniphan,57
2026-03-09,St. Francis Borgia,41,St. James,28
2026-03-09,Oak Grove,52,Notre Dame de Sion,40
2026-03-09,Benton,51,Smithville,37
2026-03-09,Clayton,41,Cardinal Ritter,87
2026-03-09,Kirksville,40,Orchard Farm,35
2026-03-09,Strafford,71,Boonville,60
2026-03-09,Nevada,35,Reeds Spring,32
2026-03-11,Rock Port,55,Delta,67
2026-03-11,Northeast (Cairo),20,St. Elizabeth,59
2026-03-11,Barstow,43,Portageville,52
2026-03-11,Marionville,32,Tipton,63
2026-03-11,Lone Jack,26,St. Vincent,48
2026-03-11,Skyline,46,Principia,69
2026-03-12,St. Elizabeth,68,Delta,64
2026-03-12,Northeast (Cairo),38,Rock Port,51
2026-03-12,Tipton,76,Portageville,46
2026-03-12,Marionville,68,Barstow,49
2026-03-12,Principia,60,St. Vincent,32
2026-03-12,Skyline,59,Lone Jack,42
2026-03-13,St. Francis Borgia,45,Doniphan,55
2026-03-13,Benton,69,Oak Grove,37
2026-03-13,Kirksville,38,Cardinal Ritter,61
2026-03-13,Nevada,54,Strafford,66
2026-03-13,Lift for Life Academy Charter,72,Festus,25
2026-03-13,Kearney,31,Grandview,45
2026-03-13,St. Dominic,38,MICDS,42
2026-03-13,Marshfield,54,Helias Catholic,36
2026-03-13,Marquette,45,Jackson,50
2026-03-13,Staley,65,Rock Bridge,27
2026-03-13,Troy Buchanan,34,Incarnate Word Academy,63
2026-03-13,Lee's Summit West,60,Kickapoo,43
2026-03-18,Benton,42,Doniphan,52
2026-03-18,Strafford,55,Cardinal Ritter,52
2026-03-18,Grandview,46,Lift for Life Academy Charter,64
2026-03-18,Marshfield,52,MICDS,59
2026-03-18,Staley,52,Jackson,31
2026-03-18,Lee's Summit West,51,Incarnate Word Academy,78
2026-03-19,Strafford,75,Doniphan,55
2026-03-19,Cardinal Ritter,65,Benton,60
2026-03-19,MICDS,41,Lift for Life Academy Charter,60
2026-03-19,Marshfield,57,Grandview,42
2026-03-19,Incarnate Word Academy,50,Staley,46
2026-03-19,Lee's Summit West,65,Jackson,52
